ticker,date,source,link
TW,2025-07-08,forbes.com,https://www.forbes.com/sites/investor-hub/article/best-growth-stocks-buy-now-june-2025/
NVDA,2025-07-08,forbes.com,https://www.forbes.com/sites/investor-hub/article/best-growth-stocks-buy-now-june-2025/
PERF,2025-07-08,finance.yahoo.com,https://finance.yahoo.com/news/top-penny-stocks-watch-july-180520468.html
WM,2025-07-08,finance.yahoo.com,https://finance.yahoo.com/news/top-penny-stocks-watch-july-180520468.html
TALK,2025-07-08,finance.yahoo.com,https://finance.yahoo.com/news/top-penny-stocks-watch-july-180520468.html
MAPS,2025-07-08,finance.yahoo.com,https://finance.yahoo.com/news/top-penny-stocks-watch-july-180520468.html
PG,2025-07-08,forbes.com,https://www.forbes.com/sites/investor-hub/article/best-stocks-buy-now-july-2025/
E,2025-07-08,forbes.com,https://www.forbes.com/sites/investor-hub/article/best-stocks-buy-now-july-2025/
EIX,2025-07-08,forbes.com,https://www.forbes.com/sites/investor-hub/article/best-stocks-buy-now-july-2025/
PCG,2025-07-08,forbes.com,https://www.forbes.com/sites/investor-hub/article/best-stocks-buy-now-july-2025/
JBL,2025-07-08,nasdaq.com,https://www.nasdaq.com/articles/how-find-best-stocks-buy-july-2025
EPS,2025-07-08,nasdaq.com,https://www.nasdaq.com/articles/how-find-best-stocks-buy-july-2025
BRK,2025-07-08,forbes.com,https://www.forbes.com/sites/investor-hub/article/best-undervalued-stocks-to-buy-july-2025/
PFE,2025-07-08,forbes.com,https://www.forbes.com/sites/investor-hub/article/best-undervalued-stocks-to-buy-july-2025/
B,2025-07-08,forbes.com,https://www.forbes.com/sites/investor-hub/article/best-undervalued-stocks-to-buy-july-2025/
JNJ,2025-07-08,forbes.com,https://www.forbes.com/sites/investor-hub/article/best-undervalued-stocks-to-buy-july-2025/
AI,2025-07-08,nasdaq.com,https://www.nasdaq.com/articles/9-best-stocks-buy-now-july-2025
ORCL,2025-07-08,fool.com,https://www.fool.com/investing/2025/07/03/the-9-best-stocks-to-buy-now-in-july-2025/
NVDA,2025-07-08,fool.com,https://www.fool.com/investing/2025/07/03/the-9-best-stocks-to-buy-now-in-july-2025/
TW,2025-07-08,forbes.com,https://www.forbes.com/sites/investor-hub/article/best-growth-stocks-buy-now-june-2025/
NVDA,2025-07-08,forbes.com,https://www.forbes.com/sites/investor-hub/article/best-growth-stocks-buy-now-june-2025/
PERF,2025-07-08,finance.yahoo.com,https://finance.yahoo.com/news/top-penny-stocks-watch-july-180520468.html
WM,2025-07-08,finance.yahoo.com,https://finance.yahoo.com/news/top-penny-stocks-watch-july-180520468.html
TALK,2025-07-08,finance.yahoo.com,https://finance.yahoo.com/news/top-penny-stocks-watch-july-180520468.html
MAPS,2025-07-08,finance.yahoo.com,https://finance.yahoo.com/news/top-penny-stocks-watch-july-180520468.html
PG,2025-07-08,forbes.com,https://www.forbes.com/sites/investor-hub/article/best-stocks-buy-now-july-2025/
E,2025-07-08,forbes.com,https://www.forbes.com/sites/investor-hub/article/best-stocks-buy-now-july-2025/
EIX,2025-07-08,forbes.com,https://www.forbes.com/sites/investor-hub/article/best-stocks-buy-now-july-2025/
PCG,2025-07-08,forbes.com,https://www.forbes.com/sites/investor-hub/article/best-stocks-buy-now-july-2025/
AI,2025-07-08,nasdaq.com,https://www.nasdaq.com/articles/9-best-stocks-buy-now-july-2025
BRK,2025-07-08,forbes.com,https://www.forbes.com/sites/investor-hub/article/best-undervalued-stocks-to-buy-july-2025/
PFE,2025-07-08,forbes.com,https://www.forbes.com/sites/investor-hub/article/best-undervalued-stocks-to-buy-july-2025/
B,2025-07-08,forbes.com,https://www.forbes.com/sites/investor-hub/article/best-undervalued-stocks-to-buy-july-2025/
JNJ,2025-07-08,forbes.com,https://www.forbes.com/sites/investor-hub/article/best-undervalued-stocks-to-buy-july-2025/
U,2025-07-08,money.usnews.com,https://money.usnews.com/investing/articles/best-stocks-to-buy-this-year
STT,2025-07-08,money.usnews.com,https://money.usnews.com/investing/articles/best-stocks-to-buy-this-year
LMT,2025-07-08,money.usnews.com,https://money.usnews.com/investing/articles/best-stocks-to-buy-this-year
S,2025-07-08,money.usnews.com,https://money.usnews.com/investing/articles/best-stocks-to-buy-this-year
ORCL,2025-07-08,fool.com,https://www.fool.com/investing/2025/07/03/the-9-best-stocks-to-buy-now-in-july-2025/
NVDA,2025-07-08,fool.com,https://www.fool.com/investing/2025/07/03/the-9-best-stocks-to-buy-now-in-july-2025/
NVMI,2025-07-08,forbes.com,https://www.forbes.com/sites/investor-hub/article/best-growth-stocks-buy-now-june-2025/
TW,2025-07-08,forbes.com,https://www.forbes.com/sites/investor-hub/article/best-growth-stocks-buy-now-june-2025/
NVDA,2025-07-08,forbes.com,https://www.forbes.com/sites/investor-hub/article/best-growth-stocks-buy-now-june-2025/
MNDY,2025-07-08,forbes.com,https://www.forbes.com/sites/investor-hub/article/best-growth-stocks-buy-now-june-2025/
U,2025-07-08,money.usnews.com,https://money.usnews.com/investing/articles/best-growth-stocks-to-buy
INTU,2025-07-08,money.usnews.com,https://money.usnews.com/investing/articles/best-growth-stocks-to-buy
AVGO,2025-07-08,money.usnews.com,https://money.usnews.com/investing/articles/best-growth-stocks-to-buy
PLTR,2025-07-08,money.usnews.com,https://money.usnews.com/investing/articles/best-growth-stocks-to-buy
NOW,2025-07-08,money.usnews.com,https://money.usnews.com/investing/articles/best-growth-stocks-to-buy
NVDA,2025-07-08,money.usnews.com,https://money.usnews.com/investing/articles/best-growth-stocks-to-buy
LLY,2025-07-08,money.usnews.com,https://money.usnews.com/investing/articles/best-growth-stocks-to-buy
S,2025-07-08,money.usnews.com,https://money.usnews.com/investing/articles/best-growth-stocks-to-buy
I,2025-07-08,nasdaq.com,https://www.nasdaq.com/articles/3-red-hot-growth-stocks-buy-2025-2
I,2025-07-08,fool.com,https://www.fool.com/investing/2025/07/05/the-best-growth-stocks-id-buy-right-now/
U,2025-07-08,money.usnews.com,https://money.usnews.com/investing/articles/up-and-coming-stocks-to-buy-in-2025
DGNX,2025-07-08,money.usnews.com,https://money.usnews.com/investing/articles/up-and-coming-stocks-to-buy-in-2025
S,2025-07-08,money.usnews.com,https://money.usnews.com/investing/articles/up-and-coming-stocks-to-buy-in-2025
EPSM,2025-07-08,money.usnews.com,https://money.usnews.com/investing/articles/up-and-coming-stocks-to-buy-in-2025
AU,2025-07-08,finance.yahoo.com,https://finance.yahoo.com/news/5-top-growth-stocks-buy-170500067.html
APP,2025-07-08,finance.yahoo.com,https://finance.yahoo.com/news/5-top-growth-stocks-buy-170500067.html
EA,2025-07-08,finance.yahoo.com,https://finance.yahoo.com/markets/stocks/trending/
URBN,2025-07-08,finance.yahoo.com,https://finance.yahoo.com/markets/stocks/trending/
US,2025-07-08,finance.yahoo.com,https://finance.yahoo.com/markets/stocks/trending/
FOX,2025-07-08,finance.yahoo.com,https://finance.yahoo.com/markets/stocks/trending/
US,2025-07-08,finance.yahoo.com,https://finance.yahoo.com/markets/stocks/gainers/
CSHMX,2025-07-08,finance.yahoo.com,https://finance.yahoo.com/markets/stocks/gainers/
MSFT,2025-07-08,morningstar.com,https://www.morningstar.com/stocks/best-stock-buy-right-now-alphabet-vs-microsoft-2
GOOGL,2025-07-08,morningstar.com,https://www.morningstar.com/stocks/best-stock-buy-right-now-alphabet-vs-microsoft-2
US,2025-07-08,finance.yahoo.com,https://finance.yahoo.com/markets/stocks/most-active/
NFLX,2025-07-08,investors.com,https://www.investors.com/research/best-stocks-seven-magnificent-stocks-earnings-growth/
GE,2025-07-08,investors.com,https://www.investors.com/research/best-stocks-seven-magnificent-stocks-earnings-growth/
AI,2025-07-08,fool.com,https://www.fool.com/investing/2025/06/12/the-best-stocks-to-invest-50000-in-right-now/
I,2025-07-08,fool.com,https://www.fool.com/investing/2025/07/05/the-best-growth-stocks-id-buy-right-now/
PERF,2025-07-11,finance.yahoo.com,https://finance.yahoo.com/news/july-2025s-promising-penny-stocks-120501408.html
WDH,2025-07-11,finance.yahoo.com,https://finance.yahoo.com/news/july-2025s-promising-penny-stocks-120501408.html
MAPS,2025-07-11,finance.yahoo.com,https://finance.yahoo.com/news/july-2025s-promising-penny-stocks-120501408.html
WM,2025-07-11,finance.yahoo.com,https://finance.yahoo.com/news/july-2025s-promising-penny-stocks-120501408.html
LVMH,2025-07-11,seekingalpha.com,https://seekingalpha.com/article/4799235-my-top-10-high-yield-dividend-stocks-for-july-2025-one-yields-12-percent-plus
PFE,2025-07-11,seekingalpha.com,https://seekingalpha.com/article/4799235-my-top-10-high-yield-dividend-stocks-for-july-2025-one-yields-12-percent-plus
TTE,2025-07-11,seekingalpha.com,https://seekingalpha.com/article/4799235-my-top-10-high-yield-dividend-stocks-for-july-2025-one-yields-12-percent-plus
CVX,2025-07-11,seekingalpha.com,https://seekingalpha.com/article/4799235-my-top-10-high-yield-dividend-stocks-for-july-2025-one-yields-12-percent-plus
NYSE,2025-07-11,seekingalpha.com,https://seekingalpha.com/article/4799235-my-top-10-high-yield-dividend-stocks-for-july-2025-one-yields-12-percent-plus
PEP,2025-07-11,seekingalpha.com,https://seekingalpha.com/article/4799235-my-top-10-high-yield-dividend-stocks-for-july-2025-one-yields-12-percent-plus
OTCPK,2025-07-11,seekingalpha.com,https://seekingalpha.com/article/4799235-my-top-10-high-yield-dividend-stocks-for-july-2025-one-yields-12-percent-plus
LVMHF,2025-07-11,seekingalpha.com,https://seekingalpha.com/article/4799235-my-top-10-high-yield-dividend-stocks-for-july-2025-one-yields-12-percent-plus
,2025-07-11,money.usnews.com,https://money.usnews.com/investing/articles/best-stocks-to-buy-this-year
CME,2025-07-11,money.usnews.com,https://money.usnews.com/investing/articles/best-stocks-to-buy-this-year
FAST,2025-07-11,money.usnews.com,https://money.usnews.com/investing/articles/best-stocks-to-buy-this-year
ZION,2025-07-11,money.usnews.com,https://money.usnews.com/investing/articles/best-stocks-to-buy-this-year
,2025-07-11,money.usnews.com,https://money.usnews.com/investing/articles/best-stocks-to-buy-this-year
CME,2025-07-11,money.usnews.com,https://money.usnews.com/investing/articles/best-stocks-to-buy-this-year
FAST,2025-07-11,money.usnews.com,https://money.usnews.com/investing/articles/best-stocks-to-buy-this-year
ZION,2025-07-11,money.usnews.com,https://money.usnews.com/investing/articles/best-stocks-to-buy-this-year
AI,2025-07-11,fool.com,https://www.fool.com/investing/2025/07/03/the-9-best-stocks-to-buy-now-in-july-2025/
HON,2025-07-11,forbes.com,https://www.forbes.com/sites/investor-hub/article/best-stocks-buy-now-june-2025/
NVDA,2025-07-11,forbes.com,https://www.forbes.com/sites/investor-hub/article/best-stocks-buy-now-june-2025/
IPO,2025-07-11,fool.com,https://www.fool.com/investing/2025/06/22/x-red-hot-growth-stocks-to-buy-in-2025/
MS,2025-07-11,money.usnews.com,https://money.usnews.com/investing/articles/best-growth-stocks-to-buy
AMZN,2025-07-11,finance.yahoo.com,https://finance.yahoo.com/news/3-growth-stocks-could-skyrocket-084500093.html
IPO,2025-07-11,finance.yahoo.com,https://finance.yahoo.com/news/2-red-hot-growth-stocks-085000817.html
SOFI,2025-07-11,fool.com,https://www.fool.com/investing/2025/06/24/5-growth-stocks-down-10-or-more-to-buy-right-now/
SHOP,2025-07-11,fool.com,https://www.fool.com/investing/2025/06/24/5-growth-stocks-down-10-or-more-to-buy-right-now/
ADBE,2025-07-11,morningstar.com,https://www.morningstar.com/stocks/best-ai-stocks-buy-now
BABA,2025-07-11,morningstar.com,https://www.morningstar.com/stocks/best-ai-stocks-buy-now
TSM,2025-07-11,morningstar.com,https://www.morningstar.com/stocks/best-ai-stocks-buy-now
AI,2025-07-11,morningstar.com,https://www.morningstar.com/stocks/best-ai-stocks-buy-now
TCEHY,2025-07-11,morningstar.com,https://www.morningstar.com/stocks/best-ai-stocks-buy-now
GOOGL,2025-07-11,morningstar.com,https://www.morningstar.com/stocks/best-ai-stocks-buy-now
KHC,2025-07-11,morningstar.com,https://www.morningstar.com/stocks/best-consumer-defensive-stocks-buy
B,2025-07-11,morningstar.com,https://www.morningstar.com/stocks/best-consumer-defensive-stocks-buy
STZ,2025-07-11,morningstar.com,https://www.morningstar.com/stocks/best-consumer-defensive-stocks-buy
CPB,2025-07-11,morningstar.com,https://www.morningstar.com/stocks/best-consumer-defensive-stocks-buy
BF,2025-07-11,morningstar.com,https://www.morningstar.com/stocks/best-consumer-defensive-stocks-buy
US,2025-07-16,finance.yahoo.com,https://finance.yahoo.com/news/best-stocks-buy-july-2025-192800507.html
FTCI,2025-07-16,finance.yahoo.com,https://finance.yahoo.com/news/top-growth-stocks-high-insider-173534956.html
PROP,2025-07-16,finance.yahoo.com,https://finance.yahoo.com/news/top-growth-stocks-high-insider-173534956.html
FTC,2025-07-16,finance.yahoo.com,https://finance.yahoo.com/news/top-growth-stocks-high-insider-173534956.html
,2025-07-16,money.usnews.com,https://money.usnews.com/investing/articles/best-stocks-to-buy-this-year
EPS,2025-07-16,forbes.com,https://www.forbes.com/sites/investor-hub/article/best-stocks-buy-now-july-2025/
ASML,2025-07-16,fool.com,https://www.fool.com/investing/2025/06/28/these-are-the-best-stocks-you-can-buy-with-1000-ri/
AI,2025-07-16,fool.com,https://www.fool.com/investing/2025/07/15/what-are-the-3-best-bargain-artificial-intelligenc/
,2025-07-16,money.usnews.com,https://money.usnews.com/investing/articles/best-stocks-to-buy-this-year
,2025-07-16,money.usnews.com,https://money.usnews.com/investing/articles/best-stocks-to-buy-this-year
P,2025-07-16,finance.yahoo.com,https://finance.yahoo.com/news/top-penny-stocks-watch-july-180520468.html
S,2025-07-16,finance.yahoo.com,https://finance.yahoo.com/news/top-penny-stocks-watch-july-180520468.html
EPS,2025-07-16,forbes.com,https://www.forbes.com/sites/investor-hub/article/best-growth-stocks-buy-now-june-2025/
AMZN,2025-07-16,fool.com,https://www.fool.com/investing/2025/06/11/3-growth-stocks-that-could-skyrocket-in-2025-and-b/
NYSE,2025-07-16,fool.com,https://www.fool.com/investing/2025/06/11/3-growth-stocks-that-could-skyrocket-in-2025-and-b/
TOST,2025-07-16,fool.com,https://www.fool.com/investing/2025/06/11/3-growth-stocks-that-could-skyrocket-in-2025-and-b/
E,2025-07-16,fool.com,https://www.fool.com/investing/2025/06/11/3-growth-stocks-that-could-skyrocket-in-2025-and-b/
ELF,2025-07-16,fool.com,https://www.fool.com/investing/2025/06/11/3-growth-stocks-that-could-skyrocket-in-2025-and-b/
NVDA,2025-07-16,fool.com,https://www.fool.com/investing/2025/06/12/the-best-stocks-to-invest-50000-in-right-now/
RBLX,2025-07-16,fool.com,https://www.fool.com/investing/2025/07/15/2-best-tech-stocks-to-buy-in-july/
NVDA,2025-07-16,fool.com,https://www.fool.com/investing/2025/07/15/2-best-tech-stocks-to-buy-in-july/
NYSE,2025-07-16,fool.com,https://www.fool.com/investing/2025/07/15/2-best-tech-stocks-to-buy-in-july/
,2025-07-16,money.usnews.com,https://money.usnews.com/investing/articles/best-stocks-to-buy-this-year
,2025-07-16,money.usnews.com,https://money.usnews.com/investing/articles/best-stocks-to-buy-this-year
TOUR,2025-07-17,finance.yahoo.com,https://finance.yahoo.com/news/top-penny-stocks-watch-july-120501395.html
PERF,2025-07-17,finance.yahoo.com,https://finance.yahoo.com/news/top-penny-stocks-watch-july-120501395.html
TALK,2025-07-17,finance.yahoo.com,https://finance.yahoo.com/news/top-penny-stocks-watch-july-120501395.html
,2025-07-17,money.usnews.com,https://money.usnews.com/investing/articles/best-stocks-to-buy-this-year
STRL,2025-07-17,seekingalpha.com,https://seekingalpha.com/article/4801688-tariffs-reignited-best-stocks-to-buy-now
PRIM,2025-07-17,seekingalpha.com,https://seekingalpha.com/article/4801688-tariffs-reignited-best-stocks-to-buy-now
AI,2025-07-17,finance.yahoo.com,https://finance.yahoo.com/news/2-best-tech-stocks-buy-140700713.html
S,2025-07-18,seekingalpha.com,https://seekingalpha.com/article/4799235-my-top-10-high-yield-dividend-stocks-for-july-2025-one-yields-12-percent-plus
HDV,2025-07-18,seekingalpha.com,https://seekingalpha.com/article/4799235-my-top-10-high-yield-dividend-stocks-for-july-2025-one-yields-12-percent-plus
SCHD,2025-07-18,seekingalpha.com,https://seekingalpha.com/article/4799235-my-top-10-high-yield-dividend-stocks-for-july-2025-one-yields-12-percent-plus
P,2025-07-18,seekingalpha.com,https://seekingalpha.com/article/4799235-my-top-10-high-yield-dividend-stocks-for-july-2025-one-yields-12-percent-plus
EDT,2025-07-18,investopedia.com,https://www.investopedia.com/stocks-to-watch-july-2025-msft-tsla-amd-f-11763755
AM,2025-07-18,investopedia.com,https://www.investopedia.com/stocks-to-watch-july-2025-msft-tsla-amd-f-11763755
AMD,2025-07-18,investopedia.com,https://www.investopedia.com/stocks-to-watch-july-2025-msft-tsla-amd-f-11763755
AI,2025-07-18,investopedia.com,https://www.investopedia.com/stocks-to-watch-july-2025-msft-tsla-amd-f-11763755
,2025-07-18,money.usnews.com,https://money.usnews.com/investing/articles/best-stocks-to-buy-this-year
ACHR,2025-07-18,finance.yahoo.com,https://finance.yahoo.com/news/3-monster-growth-stocks-buy-111500577.html
NYSE,2025-07-18,finance.yahoo.com,https://finance.yahoo.com/news/3-monster-growth-stocks-buy-111500577.html
CGNX,2025-07-18,finance.yahoo.com,https://finance.yahoo.com/news/3-monster-growth-stocks-buy-111500577.html
FSLR,2025-07-18,finance.yahoo.com,https://finance.yahoo.com/news/3-monster-growth-stocks-buy-111500577.html
LW,2025-07-18,morningstar.com,https://www.morningstar.com/stocks/best-consumer-defensive-stocks-buy
SAM,2025-07-18,morningstar.com,https://www.morningstar.com/stocks/best-consumer-defensive-stocks-buy
ANET,2025-07-18,investors.com,https://www.investors.com/research/best-stocks-seven-magnificent-stocks-earnings-growth/
LION,2025-07-18,finance.yahoo.com,https://finance.yahoo.com/news/10-best-stocks-buy-now-155920489.html
BMNR,2025-07-18,finance.yahoo.com,https://finance.yahoo.com/news/10-best-stocks-buy-now-155920489.html
DAVE,2025-07-18,finance.yahoo.com,https://finance.yahoo.com/news/10-best-stocks-buy-now-155920489.html
VNET,2025-07-18,finance.yahoo.com,https://finance.yahoo.com/news/10-best-stocks-buy-now-155920489.html
NEGG,2025-07-18,finance.yahoo.com,https://finance.yahoo.com/news/10-best-stocks-buy-now-155920489.html
SPH,2025-07-20,earnings,https://finance.yahoo.com/quote/SPH
ALE,2025-07-20,earnings,https://finance.yahoo.com/quote/ALE
GRCE,2025-07-20,earnings,https://finance.yahoo.com/quote/GRCE
LOGC,2025-07-20,earnings,https://finance.yahoo.com/quote/LOGC
CARG,2025-07-20,earnings,https://finance.yahoo.com/quote/CARG
WRBY,2025-07-20,earnings,https://finance.yahoo.com/quote/WRBY
MDU,2025-07-20,earnings,https://finance.yahoo.com/quote/MDU
PINS,2025-07-20,earnings,https://finance.yahoo.com/quote/PINS
RAPP,2025-07-20,earnings,https://finance.yahoo.com/quote/RAPP
RWAY,2025-07-20,earnings,https://finance.yahoo.com/quote/RWAY
JBI,2025-07-20,earnings,https://finance.yahoo.com/quote/JBI
LNZA,2025-07-20,earnings,https://finance.yahoo.com/quote/LNZA
OBIO,2025-07-20,earnings,https://finance.yahoo.com/quote/OBIO
STNE,2025-07-20,earnings,https://finance.yahoo.com/quote/STNE
RXO,2025-07-20,earnings,https://finance.yahoo.com/quote/RXO
XYZ,2025-07-20,earnings,https://finance.yahoo.com/quote/XYZ
CELZ,2025-07-20,earnings,https://finance.yahoo.com/quote/CELZ
EDRY,2025-07-20,earnings,https://finance.yahoo.com/quote/EDRY
PH,2025-07-20,earnings,https://finance.yahoo.com/quote/PH
KOPN,2025-07-20,earnings,https://finance.yahoo.com/quote/KOPN
NEUE,2025-07-20,earnings,https://finance.yahoo.com/quote/NEUE
GBTG,2025-07-20,earnings,https://finance.yahoo.com/quote/GBTG
NWSA,2025-07-20,earnings,https://finance.yahoo.com/quote/NWSA
LQDA,2025-07-20,earnings,https://finance.yahoo.com/quote/LQDA
FA,2025-07-20,earnings,https://finance.yahoo.com/quote/FA
CGEM,2025-07-20,earnings,https://finance.yahoo.com/quote/CGEM
OPRT,2025-07-20,earnings,https://finance.yahoo.com/quote/OPRT
VTRS,2025-07-20,earnings,https://finance.yahoo.com/quote/VTRS
ITOS,2025-07-20,earnings,https://finance.yahoo.com/quote/ITOS
CALC,2025-07-20,earnings,https://finance.yahoo.com/quote/CALC
IPSC,2025-07-20,earnings,https://finance.yahoo.com/quote/IPSC
INGN,2025-07-20,earnings,https://finance.yahoo.com/quote/INGN
RPD,2025-07-20,earnings,https://finance.yahoo.com/quote/RPD
NRDY,2025-07-20,earnings,https://finance.yahoo.com/quote/NRDY
GTIM,2025-07-20,earnings,https://finance.yahoo.com/quote/GTIM
CRNX,2025-07-20,earnings,https://finance.yahoo.com/quote/CRNX
BHF,2025-07-20,earnings,https://finance.yahoo.com/quote/BHF
TWLO,2025-07-20,earnings,https://finance.yahoo.com/quote/TWLO
TTD,2025-07-20,earnings,https://finance.yahoo.com/quote/TTD
MGTX,2025-07-20,earnings,https://finance.yahoo.com/quote/MGTX
BW,2025-07-20,earnings,https://finance.yahoo.com/quote/BW
TYRA,2025-07-20,earnings,https://finance.yahoo.com/quote/TYRA
MCHP,2025-07-20,earnings,https://finance.yahoo.com/quote/MCHP
BLND,2025-07-20,earnings,https://finance.yahoo.com/quote/BLND
YETI,2025-07-20,earnings,https://finance.yahoo.com/quote/YETI
XAIR,2025-07-20,earnings,https://finance.yahoo.com/quote/XAIR
TARS,2025-07-20,earnings,https://finance.yahoo.com/quote/TARS
COMM,2025-07-20,earnings,https://finance.yahoo.com/quote/COMM
VERU,2025-07-20,earnings,https://finance.yahoo.com/quote/VERU
CODX,2025-07-20,earnings,https://finance.yahoo.com/quote/CODX
ARRY,2025-07-20,earnings,https://finance.yahoo.com/quote/ARRY
XMTR,2025-07-20,earnings,https://finance.yahoo.com/quote/XMTR
NUS,2025-07-20,earnings,https://finance.yahoo.com/quote/NUS
GLUE,2025-07-20,earnings,https://finance.yahoo.com/quote/GLUE
LNT,2025-07-20,earnings,https://finance.yahoo.com/quote/LNT
AMPS,2025-07-20,earnings,https://finance.yahoo.com/quote/AMPS
BKSY,2025-07-20,earnings,https://finance.yahoo.com/quote/BKSY
IMVT,2025-07-20,earnings,https://finance.yahoo.com/quote/IMVT
HBIO,2025-07-20,earnings,https://finance.yahoo.com/quote/HBIO
VSH,2025-07-20,earnings,https://finance.yahoo.com/quote/VSH
AEYE,2025-07-20,earnings,https://finance.yahoo.com/quote/AEYE
TPL,2025-07-20,earnings,https://finance.yahoo.com/quote/TPL
LFWD,2025-07-20,earnings,https://finance.yahoo.com/quote/LFWD
HLF,2025-07-20,earnings,https://finance.yahoo.com/quote/HLF
RPTX,2025-07-20,earnings,https://finance.yahoo.com/quote/RPTX
OTRK,2025-07-20,earnings,https://finance.yahoo.com/quote/OTRK
SSYS,2025-07-20,earnings,https://finance.yahoo.com/quote/SSYS
EVCM,2025-07-20,earnings,https://finance.yahoo.com/quote/EVCM
WOW,2025-07-20,earnings,https://finance.yahoo.com/quote/WOW
SD,2025-07-20,earnings,https://finance.yahoo.com/quote/SD
GBLI,2025-07-20,earnings,https://finance.yahoo.com/quote/GBLI
BCDA,2025-07-20,earnings,https://finance.yahoo.com/quote/BCDA
QNRX,2025-07-20,earnings,https://finance.yahoo.com/quote/QNRX
AMPY,2025-07-20,earnings,https://finance.yahoo.com/quote/AMPY
SITM,2025-07-20,earnings,https://finance.yahoo.com/quote/SITM
VCSA,2025-07-20,earnings,https://finance.yahoo.com/quote/VCSA
CACI,2025-07-20,earnings,https://finance.yahoo.com/quote/CACI
LIVN,2025-07-20,earnings,https://finance.yahoo.com/quote/LIVN
HCC,2025-07-20,earnings,https://finance.yahoo.com/quote/HCC
VRNA,2025-07-20,earnings,https://finance.yahoo.com/quote/VRNA
CDE,2025-07-20,earnings,https://finance.yahoo.com/quote/CDE
ELEV,2025-07-20,earnings,https://finance.yahoo.com/quote/ELEV
STAA,2025-07-20,earnings,https://finance.yahoo.com/quote/STAA
MUR,2025-07-20,earnings,https://finance.yahoo.com/quote/MUR
RMBL,2025-07-20,earnings,https://finance.yahoo.com/quote/RMBL
DAY,2025-07-20,earnings,https://finance.yahoo.com/quote/DAY
ARL,2025-07-20,earnings,https://finance.yahoo.com/quote/ARL
SPT,2025-07-20,earnings,https://finance.yahoo.com/quote/SPT
GRPN,2025-07-20,earnings,https://finance.yahoo.com/quote/GRPN
CW,2025-07-20,earnings,https://finance.yahoo.com/quote/CW
OXBR,2025-07-20,earnings,https://finance.yahoo.com/quote/OXBR
PLBY,2025-07-20,earnings,https://finance.yahoo.com/quote/PLBY
REPL,2025-07-20,earnings,https://finance.yahoo.com/quote/REPL
BAM,2025-07-20,earnings,https://finance.yahoo.com/quote/BAM
VECO,2025-07-20,earnings,https://finance.yahoo.com/quote/VECO
PSQH,2025-07-20,earnings,https://finance.yahoo.com/quote/PSQH
VSTM,2025-07-20,earnings,https://finance.yahoo.com/quote/VSTM
SVII,2025-07-20,earnings,https://finance.yahoo.com/quote/SVII
MKFG,2025-07-20,earnings,https://finance.yahoo.com/quote/MKFG
ORGO,2025-07-20,earnings,https://finance.yahoo.com/quote/ORGO
NVAX,2025-07-20,earnings,https://finance.yahoo.com/quote/NVAX
NL,2025-07-20,earnings,https://finance.yahoo.com/quote/NL
EBS,2025-07-20,earnings,https://finance.yahoo.com/quote/EBS
TH,2025-07-20,earnings,https://finance.yahoo.com/quote/TH
EQ,2025-07-20,earnings,https://finance.yahoo.com/quote/EQ
DGII,2025-07-20,earnings,https://finance.yahoo.com/quote/DGII
STEP,2025-07-20,earnings,https://finance.yahoo.com/quote/STEP
RPRX,2025-07-20,earnings,https://finance.yahoo.com/quote/RPRX
ACVA,2025-07-20,earnings,https://finance.yahoo.com/quote/ACVA
LPX,2025-07-20,earnings,https://finance.yahoo.com/quote/LPX
TBRG,2025-07-20,earnings,https://finance.yahoo.com/quote/TBRG
CENX,2025-07-20,earnings,https://finance.yahoo.com/quote/CENX
SENEA,2025-07-20,earnings,https://finance.yahoo.com/quote/SENEA
NSA,2025-07-20,earnings,https://finance.yahoo.com/quote/NSA
CTRA,2025-07-20,earnings,https://finance.yahoo.com/quote/CTRA
PGR,2025-07-20,earnings,https://finance.yahoo.com/quote/PGR
TSEM,2025-07-20,earnings,https://finance.yahoo.com/quote/TSEM
DHC,2025-07-20,earnings,https://finance.yahoo.com/quote/DHC
CSTL,2025-07-20,earnings,https://finance.yahoo.com/quote/CSTL
PSTX,2025-07-20,earnings,https://finance.yahoo.com/quote/PSTX
CSR,2025-07-20,earnings,https://finance.yahoo.com/quote/CSR
ON,2025-07-20,earnings,https://finance.yahoo.com/quote/ON
EMKR,2025-07-20,earnings,https://finance.yahoo.com/quote/EMKR
ML,2025-07-20,earnings,https://finance.yahoo.com/quote/ML
GSM,2025-07-20,earnings,https://finance.yahoo.com/quote/GSM
GABC,2025-07-20,earnings,https://finance.yahoo.com/quote/GABC
INZY,2025-07-20,earnings,https://finance.yahoo.com/quote/INZY
EIC,2025-07-20,earnings,https://finance.yahoo.com/quote/EIC
VNOM,2025-07-20,earnings,https://finance.yahoo.com/quote/VNOM
ACM,2025-07-20,earnings,https://finance.yahoo.com/quote/ACM
CBT,2025-07-20,earnings,https://finance.yahoo.com/quote/CBT
MASI,2025-07-20,earnings,https://finance.yahoo.com/quote/MASI
SPG,2025-07-20,earnings,https://finance.yahoo.com/quote/SPG
SCOR,2025-07-20,earnings,https://finance.yahoo.com/quote/SCOR
BSM,2025-07-20,earnings,https://finance.yahoo.com/quote/BSM
DORM,2025-07-20,earnings,https://finance.yahoo.com/quote/DORM
AKA,2025-07-20,earnings,https://finance.yahoo.com/quote/AKA
PTGX,2025-07-20,earnings,https://finance.yahoo.com/quote/PTGX
SANM,2025-07-20,earnings,https://finance.yahoo.com/quote/SANM
CTRM,2025-07-20,earnings,https://finance.yahoo.com/quote/CTRM
ALTM,2025-07-20,earnings,https://finance.yahoo.com/quote/ALTM
VRTX,2025-07-20,earnings,https://finance.yahoo.com/quote/VRTX
RIG,2025-07-20,earnings,https://finance.yahoo.com/quote/RIG
IAC,2025-07-20,earnings,https://finance.yahoo.com/quote/IAC
AESI,2025-07-20,earnings,https://finance.yahoo.com/quote/AESI
NCMI,2025-07-20,earnings,https://finance.yahoo.com/quote/NCMI
ENR,2025-07-20,earnings,https://finance.yahoo.com/quote/ENR
HYMC,2025-07-20,earnings,https://finance.yahoo.com/quote/HYMC
CRC,2025-07-20,earnings,https://finance.yahoo.com/quote/CRC
NCSM,2025-07-20,earnings,https://finance.yahoo.com/quote/NCSM
ICHR,2025-07-20,earnings,https://finance.yahoo.com/quote/ICHR
RHP,2025-07-20,earnings,https://finance.yahoo.com/quote/RHP
TDUP,2025-07-20,earnings,https://finance.yahoo.com/quote/TDUP
SNSE,2025-07-20,earnings,https://finance.yahoo.com/quote/SNSE
FGEN,2025-07-20,earnings,https://finance.yahoo.com/quote/FGEN
LSCC,2025-07-20,earnings,https://finance.yahoo.com/quote/LSCC
ASTI,2025-07-20,earnings,https://finance.yahoo.com/quote/ASTI
CGBD,2025-07-20,earnings,https://finance.yahoo.com/quote/CGBD
AMG,2025-07-20,earnings,https://finance.yahoo.com/quote/AMG
,2025-07-20,money.usnews.com,https://money.usnews.com/investing/articles/best-stocks-to-buy-this-year
META,2025-07-20,fool.com,https://www.fool.com/investing/2025/06/22/3-best-tech-stocks-for-the-second-half-of-2025/
AI,2025-07-20,fool.com,https://www.fool.com/investing/2025/07/18/3-brilliant-growth-stocks-to-buy-now-and-hold-for/
GOOG,2025-07-20,fool.com,https://www.fool.com/investing/2025/07/19/best-magnificent-seven-stock-to-buy-right-now/
AI,2025-07-20,fool.com,https://www.fool.com/investing/2025/07/19/best-magnificent-seven-stock-to-buy-right-now/
GOOGL,2025-07-20,fool.com,https://www.fool.com/investing/2025/07/19/best-magnificent-seven-stock-to-buy-right-now/
FLD,2025-07-20,earnings,https://finance.yahoo.com/quote/FLD
ECBK,2025-07-20,earnings,https://finance.yahoo.com/quote/ECBK
PRM,2025-07-20,earnings,https://finance.yahoo.com/quote/PRM
AMCX,2025-07-20,earnings,https://finance.yahoo.com/quote/AMCX
DJCO,2025-07-20,earnings,https://finance.yahoo.com/quote/DJCO
AKRO,2025-07-20,earnings,https://finance.yahoo.com/quote/AKRO
CYN,2025-07-20,earnings,https://finance.yahoo.com/quote/CYN
ENTX,2025-07-20,earnings,https://finance.yahoo.com/quote/ENTX
FRHC,2025-07-20,earnings,https://finance.yahoo.com/quote/FRHC
UG,2025-07-20,earnings,https://finance.yahoo.com/quote/UG
TWIN,2025-07-20,earnings,https://finance.yahoo.com/quote/TWIN
SELF,2025-07-20,earnings,https://finance.yahoo.com/quote/SELF
BOC,2025-07-20,earnings,https://finance.yahoo.com/quote/BOC
AUTL,2025-07-20,earnings,https://finance.yahoo.com/quote/AUTL
SLVM,2025-07-20,earnings,https://finance.yahoo.com/quote/SLVM
IRON,2025-07-20,earnings,https://finance.yahoo.com/quote/IRON
CSIQ,2025-07-20,earnings,https://finance.yahoo.com/quote/CSIQ
SPB,2025-07-20,earnings,https://finance.yahoo.com/quote/SPB
UP,2025-07-20,earnings,https://finance.yahoo.com/quote/UP
ELSE,2025-07-20,earnings,https://finance.yahoo.com/quote/ELSE
GTN,2025-07-20,earnings,https://finance.yahoo.com/quote/GTN
ESNT,2025-07-20,earnings,https://finance.yahoo.com/quote/ESNT
CAAS,2025-07-20,earnings,https://finance.yahoo.com/quote/CAAS
NYC,2025-07-20,earnings,https://finance.yahoo.com/quote/NYC
OMEX,2025-07-20,earnings,https://finance.yahoo.com/quote/OMEX
PFX,2025-07-20,earnings,https://finance.yahoo.com/quote/PFX
BTDR,2025-07-20,earnings,https://finance.yahoo.com/quote/BTDR
BATRA,2025-07-20,earnings,https://finance.yahoo.com/quote/BATRA
AMR,2025-07-20,earnings,https://finance.yahoo.com/quote/AMR
LGVN,2025-07-20,earnings,https://finance.yahoo.com/quote/LGVN
ELTX,2025-07-20,earnings,https://finance.yahoo.com/quote/ELTX
AIRS,2025-07-20,earnings,https://finance.yahoo.com/quote/AIRS
NMTC,2025-07-20,earnings,https://finance.yahoo.com/quote/NMTC
ACRV,2025-07-20,earnings,https://finance.yahoo.com/quote/ACRV
TSAT,2025-07-20,earnings,https://finance.yahoo.com/quote/TSAT
WEN,2025-07-20,earnings,https://finance.yahoo.com/quote/WEN
FET,2025-07-20,earnings,https://finance.yahoo.com/quote/FET
ANL,2025-07-20,earnings,https://finance.yahoo.com/quote/ANL
ATLC,2025-07-20,earnings,https://finance.yahoo.com/quote/ATLC
NGNE,2025-07-20,earnings,https://finance.yahoo.com/quote/NGNE
CLMT,2025-07-20,earnings,https://finance.yahoo.com/quote/CLMT
AIRT,2025-07-20,earnings,https://finance.yahoo.com/quote/AIRT
LAMR,2025-07-20,earnings,https://finance.yahoo.com/quote/LAMR
ITRM,2025-07-20,earnings,https://finance.yahoo.com/quote/ITRM
ATGE,2025-07-20,earnings,https://finance.yahoo.com/quote/ATGE
HOTH,2025-07-20,earnings,https://finance.yahoo.com/quote/HOTH
LNG,2025-07-20,earnings,https://finance.yahoo.com/quote/LNG
EPIX,2025-07-20,earnings,https://finance.yahoo.com/quote/EPIX
CHMI,2025-07-20,earnings,https://finance.yahoo.com/quote/CHMI
MAX,2025-07-20,earnings,https://finance.yahoo.com/quote/MAX
SABS,2025-07-20,earnings,https://finance.yahoo.com/quote/SABS
CRL,2025-07-20,earnings,https://finance.yahoo.com/quote/CRL
HYFM,2025-07-20,earnings,https://finance.yahoo.com/quote/HYFM
CBIO,2025-07-20,earnings,https://finance.yahoo.com/quote/CBIO
MSGM,2025-07-20,earnings,https://finance.yahoo.com/quote/MSGM
HP,2025-07-20,earnings,https://finance.yahoo.com/quote/HP
NN,2025-07-20,earnings,https://finance.yahoo.com/quote/NN
VCYT,2025-07-20,earnings,https://finance.yahoo.com/quote/VCYT
DRIO,2025-07-20,earnings,https://finance.yahoo.com/quote/DRIO
CCCC,2025-07-20,earnings,https://finance.yahoo.com/quote/CCCC
OBDC,2025-07-20,earnings,https://finance.yahoo.com/quote/OBDC
LIXT,2025-07-20,earnings,https://finance.yahoo.com/quote/LIXT
MCD,2025-07-20,earnings,https://finance.yahoo.com/quote/MCD
ABNB,2025-07-20,earnings,https://finance.yahoo.com/quote/ABNB
CHRD,2025-07-20,earnings,https://finance.yahoo.com/quote/CHRD
ALCO,2025-07-20,earnings,https://finance.yahoo.com/quote/ALCO
GPRK,2025-07-20,earnings,https://finance.yahoo.com/quote/GPRK
LPCN,2025-07-20,earnings,https://finance.yahoo.com/quote/LPCN
NODK,2025-07-20,earnings,https://finance.yahoo.com/quote/NODK
WIX,2025-07-20,earnings,https://finance.yahoo.com/quote/WIX
EARN,2025-07-20,earnings,https://finance.yahoo.com/quote/EARN
AGO,2025-07-20,earnings,https://finance.yahoo.com/quote/AGO
MET,2025-07-20,earnings,https://finance.yahoo.com/quote/MET
TNDM,2025-07-20,earnings,https://finance.yahoo.com/quote/TNDM
NAGE,2025-07-20,earnings,https://finance.yahoo.com/quote/NAGE
ALIT,2025-07-20,earnings,https://finance.yahoo.com/quote/ALIT
GEO,2025-07-20,earnings,https://finance.yahoo.com/quote/GEO
INVZ,2025-07-20,earnings,https://finance.yahoo.com/quote/INVZ
UAA,2025-07-20,earnings,https://finance.yahoo.com/quote/UAA
OMER,2025-07-20,earnings,https://finance.yahoo.com/quote/OMER
PULM,2025-07-20,earnings,https://finance.yahoo.com/quote/PULM
TELA,2025-07-20,earnings,https://finance.yahoo.com/quote/TELA
HOOK,2025-07-20,earnings,https://finance.yahoo.com/quote/HOOK
UGI,2025-07-20,earnings,https://finance.yahoo.com/quote/UGI
HMN,2025-07-20,earnings,https://finance.yahoo.com/quote/HMN
AVA,2025-07-20,earnings,https://finance.yahoo.com/quote/AVA
GNL,2025-07-20,earnings,https://finance.yahoo.com/quote/GNL
ONL,2025-07-20,earnings,https://finance.yahoo.com/quote/ONL
NYT,2025-07-20,earnings,https://finance.yahoo.com/quote/NYT
SYBX,2025-07-20,earnings,https://finance.yahoo.com/quote/SYBX
NOMD,2025-07-20,earnings,https://finance.yahoo.com/quote/NOMD
SNES,2025-07-20,earnings,https://finance.yahoo.com/quote/SNES
SILA,2025-07-20,earnings,https://finance.yahoo.com/quote/SILA
ACMR,2025-07-20,earnings,https://finance.yahoo.com/quote/ACMR
CXW,2025-07-20,earnings,https://finance.yahoo.com/quote/CXW
MNOV,2025-07-20,earnings,https://finance.yahoo.com/quote/MNOV
EVGO,2025-07-20,earnings,https://finance.yahoo.com/quote/EVGO
DIN,2025-07-20,earnings,https://finance.yahoo.com/quote/DIN
ICCH,2025-07-20,earnings,https://finance.yahoo.com/quote/ICCH
RVMD,2025-07-20,earnings,https://finance.yahoo.com/quote/RVMD
JRSH,2025-07-20,earnings,https://finance.yahoo.com/quote/JRSH
KRT,2025-07-20,earnings,https://finance.yahoo.com/quote/KRT
EHC,2025-07-20,earnings,https://finance.yahoo.com/quote/EHC
CAR,2025-07-20,earnings,https://finance.yahoo.com/quote/CAR
SOHU,2025-07-20,earnings,https://finance.yahoo.com/quote/SOHU
BCYC,2025-07-20,earnings,https://finance.yahoo.com/quote/BCYC
ANGI,2025-07-20,earnings,https://finance.yahoo.com/quote/ANGI
SNCR,2025-07-20,earnings,https://finance.yahoo.com/quote/SNCR
MVBF,2025-07-20,earnings,https://finance.yahoo.com/quote/MVBF
TREX,2025-07-20,earnings,https://finance.yahoo.com/quote/TREX
SHIP,2025-07-20,earnings,https://finance.yahoo.com/quote/SHIP
NURO,2025-07-20,earnings,https://finance.yahoo.com/quote/NURO
VTS,2025-07-20,earnings,https://finance.yahoo.com/quote/VTS
BCC,2025-07-20,earnings,https://finance.yahoo.com/quote/BCC
BWXT,2025-07-20,earnings,https://finance.yahoo.com/quote/BWXT
JRVR,2025-07-20,earnings,https://finance.yahoo.com/quote/JRVR
BSY,2025-07-20,earnings,https://finance.yahoo.com/quote/BSY
GBDC,2025-07-20,earnings,https://finance.yahoo.com/quote/GBDC
AMRC,2025-07-20,earnings,https://finance.yahoo.com/quote/AMRC
NVRO,2025-07-20,earnings,https://finance.yahoo.com/quote/NVRO
SKT,2025-07-20,earnings,https://finance.yahoo.com/quote/SKT
AQMS,2025-07-20,earnings,https://finance.yahoo.com/quote/AQMS
LTC,2025-07-20,earnings,https://finance.yahoo.com/quote/LTC
BMEA,2025-07-20,earnings,https://finance.yahoo.com/quote/BMEA
AXSM,2025-07-20,earnings,https://finance.yahoo.com/quote/AXSM
LDI,2025-07-20,earnings,https://finance.yahoo.com/quote/LDI
VVX,2025-07-20,earnings,https://finance.yahoo.com/quote/VVX
OPAD,2025-07-20,earnings,https://finance.yahoo.com/quote/OPAD
L,2025-07-20,earnings,https://finance.yahoo.com/quote/L
HSII,2025-07-20,earnings,https://finance.yahoo.com/quote/HSII
DVAX,2025-07-20,earnings,https://finance.yahoo.com/quote/DVAX
ENFN,2025-07-20,earnings,https://finance.yahoo.com/quote/ENFN
AIMD,2025-07-20,earnings,https://finance.yahoo.com/quote/AIMD
CRBG,2025-07-20,earnings,https://finance.yahoo.com/quote/CRBG
TVGN,2025-07-20,earnings,https://finance.yahoo.com/quote/TVGN
TSN,2025-07-20,earnings,https://finance.yahoo.com/quote/TSN
ADTN,2025-07-20,earnings,https://finance.yahoo.com/quote/ADTN
CNA,2025-07-20,earnings,https://finance.yahoo.com/quote/CNA
KOS,2025-07-20,earnings,https://finance.yahoo.com/quote/KOS
AWR,2025-07-20,earnings,https://finance.yahoo.com/quote/AWR
ANDE,2025-07-20,earnings,https://finance.yahoo.com/quote/ANDE
CTRI,2025-07-20,earnings,https://finance.yahoo.com/quote/CTRI
BHVN,2025-07-20,earnings,https://finance.yahoo.com/quote/BHVN
OTTR,2025-07-20,earnings,https://finance.yahoo.com/quote/OTTR
OBT,2025-07-20,earnings,https://finance.yahoo.com/quote/OBT
,2025-07-20,money.usnews.com,https://money.usnews.com/investing/articles/best-stocks-to-buy-this-year
,2025-07-20,money.usnews.com,https://money.usnews.com/investing/articles/best-stocks-to-buy-this-year
RHHBY,2025-07-20,FDA,https://finance.yahoo.com/quote/RHHBY
REPL,2025-07-20,FDA,https://finance.yahoo.com/quote/REPL
AZN,2025-07-20,FDA,https://finance.yahoo.com/quote/AZN
ASND,2025-07-20,FDA,https://finance.yahoo.com/quote/ASND
NAMS,2025-07-20,FDA,https://finance.yahoo.com/quote/NAMS
APLS,2025-07-20,FDA,https://finance.yahoo.com/quote/APLS
PTCT,2025-07-20,FDA,https://finance.yahoo.com/quote/PTCT
CRDF,2025-07-20,FDA,https://finance.yahoo.com/quote/CRDF
REGN,2025-07-20,FDA,https://finance.yahoo.com/quote/REGN
ELDN,2025-07-20,FDA,https://finance.yahoo.com/quote/ELDN
LENZ,2025-07-20,FDA,https://finance.yahoo.com/quote/LENZ
INSM,2025-07-20,FDA,https://finance.yahoo.com/quote/INSM
PSTV,2025-07-20,FDA,https://finance.yahoo.com/quote/PSTV
,2025-07-20,money.usnews.com,https://money.usnews.com/investing/articles/best-stocks-to-buy-this-year
RHHBY,2025-07-20,FDA,https://finance.yahoo.com/quote/RHHBY
REPL,2025-07-20,FDA,https://finance.yahoo.com/quote/REPL
AZN,2025-07-20,FDA,https://finance.yahoo.com/quote/AZN
ASND,2025-07-20,FDA,https://finance.yahoo.com/quote/ASND
NAMS,2025-07-20,FDA,https://finance.yahoo.com/quote/NAMS
APLS,2025-07-20,FDA,https://finance.yahoo.com/quote/APLS
PTCT,2025-07-20,FDA,https://finance.yahoo.com/quote/PTCT
CRDF,2025-07-20,FDA,https://finance.yahoo.com/quote/CRDF
REGN,2025-07-20,FDA,https://finance.yahoo.com/quote/REGN
ELDN,2025-07-20,FDA,https://finance.yahoo.com/quote/ELDN
LENZ,2025-07-20,FDA,https://finance.yahoo.com/quote/LENZ
INSM,2025-07-20,FDA,https://finance.yahoo.com/quote/INSM
PSTV,2025-07-20,FDA,https://finance.yahoo.com/quote/PSTV
GHLD,2025-07-20,earnings,https://finance.yahoo.com/quote/GHLD
WFCF,2025-07-20,earnings,https://finance.yahoo.com/quote/WFCF
KINS,2025-07-20,earnings,https://finance.yahoo.com/quote/KINS
TGNA,2025-07-20,earnings,https://finance.yahoo.com/quote/TGNA
CORZ,2025-07-20,earnings,https://finance.yahoo.com/quote/CORZ
SPRO,2025-07-20,earnings,https://finance.yahoo.com/quote/SPRO
ATNI,2025-07-20,earnings,https://finance.yahoo.com/quote/ATNI
GETY,2025-07-20,earnings,https://finance.yahoo.com/quote/GETY
BLFS,2025-07-20,earnings,https://finance.yahoo.com/quote/BLFS
QSR,2025-07-20,earnings,https://finance.yahoo.com/quote/QSR
HOWL,2025-07-20,earnings,https://finance.yahoo.com/quote/HOWL
ASPN,2025-07-20,earnings,https://finance.yahoo.com/quote/ASPN
GMED,2025-07-20,earnings,https://finance.yahoo.com/quote/GMED
ORGN,2025-07-20,earnings,https://finance.yahoo.com/quote/ORGN
EYE,2025-07-20,earnings,https://finance.yahoo.com/quote/EYE
TRUP,2025-07-20,earnings,https://finance.yahoo.com/quote/TRUP
KTB,2025-07-20,earnings,https://finance.yahoo.com/quote/KTB
EOG,2025-07-20,earnings,https://finance.yahoo.com/quote/EOG
INGM,2025-07-20,earnings,https://finance.yahoo.com/quote/INGM
SABR,2025-07-20,earnings,https://finance.yahoo.com/quote/SABR
DBRG,2025-07-20,earnings,https://finance.yahoo.com/quote/DBRG
GYRO,2025-07-20,earnings,https://finance.yahoo.com/quote/GYRO
TXG,2025-07-20,earnings,https://finance.yahoo.com/quote/TXG
HLVX,2025-07-20,earnings,https://finance.yahoo.com/quote/HLVX
CPRI,2025-07-20,earnings,https://finance.yahoo.com/quote/CPRI
HCI,2025-07-20,earnings,https://finance.yahoo.com/quote/HCI
UHG,2025-07-20,earnings,https://finance.yahoo.com/quote/UHG
NXXT,2025-07-20,earnings,https://finance.yahoo.com/quote/NXXT
SGA,2025-07-20,earnings,https://finance.yahoo.com/quote/SGA
KALA,2025-07-20,earnings,https://finance.yahoo.com/quote/KALA
BAER,2025-07-20,earnings,https://finance.yahoo.com/quote/BAER
SKYX,2025-07-20,earnings,https://finance.yahoo.com/quote/SKYX
DOCS,2025-07-20,earnings,https://finance.yahoo.com/quote/DOCS
PX,2025-07-20,earnings,https://finance.yahoo.com/quote/PX
IAS,2025-07-20,earnings,https://finance.yahoo.com/quote/IAS
OS,2025-07-20,earnings,https://finance.yahoo.com/quote/OS
WLDN,2025-07-20,earnings,https://finance.yahoo.com/quote/WLDN
BBDC,2025-07-20,earnings,https://finance.yahoo.com/quote/BBDC
INVE,2025-07-20,earnings,https://finance.yahoo.com/quote/INVE
SLRX,2025-07-20,earnings,https://finance.yahoo.com/quote/SLRX
XENE,2025-07-20,earnings,https://finance.yahoo.com/quote/XENE
DRCT,2025-07-20,earnings,https://finance.yahoo.com/quote/DRCT
ARBE,2025-07-20,earnings,https://finance.yahoo.com/quote/ARBE
UMH,2025-07-20,earnings,https://finance.yahoo.com/quote/UMH
RPAY,2025-07-20,earnings,https://finance.yahoo.com/quote/RPAY
CMBM,2025-07-20,earnings,https://finance.yahoo.com/quote/CMBM
MNTK,2025-07-20,earnings,https://finance.yahoo.com/quote/MNTK
UTI,2025-07-20,earnings,https://finance.yahoo.com/quote/UTI
VFF,2025-07-20,earnings,https://finance.yahoo.com/quote/VFF
DWTX,2025-07-20,earnings,https://finance.yahoo.com/quote/DWTX
MBC,2025-07-20,earnings,https://finance.yahoo.com/quote/MBC
ADNT,2025-07-20,earnings,https://finance.yahoo.com/quote/ADNT
MRSN,2025-07-20,earnings,https://finance.yahoo.com/quote/MRSN
APVO,2025-07-20,earnings,https://finance.yahoo.com/quote/APVO
ICAD,2025-07-20,earnings,https://finance.yahoo.com/quote/ICAD
RGLD,2025-07-20,earnings,https://finance.yahoo.com/quote/RGLD
ACRS,2025-07-20,earnings,https://finance.yahoo.com/quote/ACRS
PLYM,2025-07-20,earnings,https://finance.yahoo.com/quote/PLYM
JACK,2025-07-20,earnings,https://finance.yahoo.com/quote/JACK
PSNL,2025-07-20,earnings,https://finance.yahoo.com/quote/PSNL
HIMX,2025-07-20,earnings,https://finance.yahoo.com/quote/HIMX
KG,2025-07-20,earnings,https://finance.yahoo.com/quote/KG
APLE,2025-07-20,earnings,https://finance.yahoo.com/quote/APLE
CIVI,2025-07-20,earnings,https://finance.yahoo.com/quote/CIVI
TNYA,2025-07-20,earnings,https://finance.yahoo.com/quote/TNYA
VSAT,2025-07-20,earnings,https://finance.yahoo.com/quote/VSAT
ATSG,2025-07-20,earnings,https://finance.yahoo.com/quote/ATSG
EGY,2025-07-20,earnings,https://finance.yahoo.com/quote/EGY
PRGO,2025-07-20,earnings,https://finance.yahoo.com/quote/PRGO
MQ,2025-07-20,earnings,https://finance.yahoo.com/quote/MQ
ACTG,2025-07-20,earnings,https://finance.yahoo.com/quote/ACTG
MXCT,2025-07-20,earnings,https://finance.yahoo.com/quote/MXCT
CLDT,2025-07-20,earnings,https://finance.yahoo.com/quote/CLDT
VSTA,2025-07-20,earnings,https://finance.yahoo.com/quote/VSTA
ENS,2025-07-20,earnings,https://finance.yahoo.com/quote/ENS
XLO,2025-07-20,earnings,https://finance.yahoo.com/quote/XLO
BGSF,2025-07-20,earnings,https://finance.yahoo.com/quote/BGSF
PNW,2025-07-20,earnings,https://finance.yahoo.com/quote/PNW
GENI,2025-07-20,earnings,https://finance.yahoo.com/quote/GENI
LEGH,2025-07-20,earnings,https://finance.yahoo.com/quote/LEGH
SIEB,2025-07-20,earnings,https://finance.yahoo.com/quote/SIEB
AEVA,2025-07-20,earnings,https://finance.yahoo.com/quote/AEVA
AXGN,2025-07-20,earnings,https://finance.yahoo.com/quote/AXGN
FWONA,2025-07-20,earnings,https://finance.yahoo.com/quote/FWONA
CXT,2025-07-20,earnings,https://finance.yahoo.com/quote/CXT
MDV,2025-07-20,earnings,https://finance.yahoo.com/quote/MDV
BCO,2025-07-20,earnings,https://finance.yahoo.com/quote/BCO
INSW,2025-07-20,earnings,https://finance.yahoo.com/quote/INSW
AMPL,2025-07-20,earnings,https://finance.yahoo.com/quote/AMPL
RAPT,2025-07-20,earnings,https://finance.yahoo.com/quote/RAPT
ACIC,2025-07-20,earnings,https://finance.yahoo.com/quote/ACIC
BTAI,2025-07-20,earnings,https://finance.yahoo.com/quote/BTAI
MTTR,2025-07-20,earnings,https://finance.yahoo.com/quote/MTTR
NVTS,2025-07-20,earnings,https://finance.yahoo.com/quote/NVTS
RIGL,2025-07-20,earnings,https://finance.yahoo.com/quote/RIGL
KIDS,2025-07-20,earnings,https://finance.yahoo.com/quote/KIDS
STEM,2025-07-20,earnings,https://finance.yahoo.com/quote/STEM
LIDR,2025-07-20,earnings,https://finance.yahoo.com/quote/LIDR
WMB,2025-07-20,earnings,https://finance.yahoo.com/quote/WMB
KPTI,2025-07-20,earnings,https://finance.yahoo.com/quote/KPTI
FPAY,2025-07-20,earnings,https://finance.yahoo.com/quote/FPAY
SBAC,2025-07-20,earnings,https://finance.yahoo.com/quote/SBAC
BNTX,2025-07-20,earnings,https://finance.yahoo.com/quote/BNTX
IDXX,2025-07-20,earnings,https://finance.yahoo.com/quote/IDXX
PLOW,2025-07-20,earnings,https://finance.yahoo.com/quote/PLOW
EVER,2025-07-20,earnings,https://finance.yahoo.com/quote/EVER
CRBP,2025-07-20,earnings,https://finance.yahoo.com/quote/CRBP
CZFS,2025-07-20,earnings,https://finance.yahoo.com/quote/CZFS
ACNT,2025-07-20,earnings,https://finance.yahoo.com/quote/ACNT
ECC,2025-07-20,earnings,https://finance.yahoo.com/quote/ECC
HIMS,2025-07-20,earnings,https://finance.yahoo.com/quote/HIMS
NMFC,2025-07-20,earnings,https://finance.yahoo.com/quote/NMFC
AL,2025-07-20,earnings,https://finance.yahoo.com/quote/AL
TRTN PR A,2025-07-20,earnings,https://finance.yahoo.com/quote/TRTN PR A
EQR,2025-07-20,earnings,https://finance.yahoo.com/quote/EQR
NJR,2025-07-20,earnings,https://finance.yahoo.com/quote/NJR
SUM,2025-07-20,earnings,https://finance.yahoo.com/quote/SUM
CRGY,2025-07-20,earnings,https://finance.yahoo.com/quote/CRGY
LNKB,2025-07-20,earnings,https://finance.yahoo.com/quote/LNKB
WAT,2025-07-20,earnings,https://finance.yahoo.com/quote/WAT
SEMR,2025-07-20,earnings,https://finance.yahoo.com/quote/SEMR
RAND,2025-07-20,earnings,https://finance.yahoo.com/quote/RAND
RGCO,2025-07-20,earnings,https://finance.yahoo.com/quote/RGCO
CLBR,2025-07-20,earnings,https://finance.yahoo.com/quote/CLBR
AKYA,2025-07-20,earnings,https://finance.yahoo.com/quote/AKYA
BEDU,2025-07-20,earnings,https://finance.yahoo.com/quote/BEDU
NPV,2025-07-20,earnings,https://finance.yahoo.com/quote/NPV
CUB,2025-07-20,earnings,https://finance.yahoo.com/quote/CUB
W,2025-07-20,earnings,https://finance.yahoo.com/quote/W
ADUS,2025-07-20,earnings,https://finance.yahoo.com/quote/ADUS
GAIA,2025-07-20,earnings,https://finance.yahoo.com/quote/GAIA
VMEO,2025-07-20,earnings,https://finance.yahoo.com/quote/VMEO
SOND,2025-07-20,earnings,https://finance.yahoo.com/quote/SOND
OUT,2025-07-20,earnings,https://finance.yahoo.com/quote/OUT
PRAA,2025-07-20,earnings,https://finance.yahoo.com/quote/PRAA
FUN,2025-07-20,earnings,https://finance.yahoo.com/quote/FUN
ALX,2025-07-20,earnings,https://finance.yahoo.com/quote/ALX
AHH,2025-07-20,earnings,https://finance.yahoo.com/quote/AHH
BRBR,2025-07-20,earnings,https://finance.yahoo.com/quote/BRBR
STEW,2025-07-20,earnings,https://finance.yahoo.com/quote/STEW
TRNS,2025-07-20,earnings,https://finance.yahoo.com/quote/TRNS
,2025-07-20,money.usnews.com,https://money.usnews.com/investing/articles/best-stocks-to-buy-this-year
RHHBY,2025-07-20,FDA,https://finance.yahoo.com/quote/RHHBY
REPL,2025-07-20,FDA,https://finance.yahoo.com/quote/REPL
AZN,2025-07-20,FDA,https://finance.yahoo.com/quote/AZN
ASND,2025-07-20,FDA,https://finance.yahoo.com/quote/ASND
NAMS,2025-07-20,FDA,https://finance.yahoo.com/quote/NAMS
APLS,2025-07-20,FDA,https://finance.yahoo.com/quote/APLS
PTCT,2025-07-20,FDA,https://finance.yahoo.com/quote/PTCT
CRDF,2025-07-20,FDA,https://finance.yahoo.com/quote/CRDF
REGN,2025-07-20,FDA,https://finance.yahoo.com/quote/REGN
ELDN,2025-07-20,FDA,https://finance.yahoo.com/quote/ELDN
LENZ,2025-07-20,FDA,https://finance.yahoo.com/quote/LENZ
INSM,2025-07-20,FDA,https://finance.yahoo.com/quote/INSM
PSTV,2025-07-20,FDA,https://finance.yahoo.com/quote/PSTV
PMVP,2025-07-20,earnings,https://finance.yahoo.com/quote/PMVP
REVB,2025-07-20,earnings,https://finance.yahoo.com/quote/REVB
PLTK,2025-07-20,earnings,https://finance.yahoo.com/quote/PLTK
HSON,2025-07-20,earnings,https://finance.yahoo.com/quote/HSON
ALRM,2025-07-20,earnings,https://finance.yahoo.com/quote/ALRM
PGNY,2025-07-20,earnings,https://finance.yahoo.com/quote/PGNY
JYNT,2025-07-20,earnings,https://finance.yahoo.com/quote/JYNT
STRO,2025-07-20,earnings,https://finance.yahoo.com/quote/STRO
GGR,2025-07-20,earnings,https://finance.yahoo.com/quote/GGR
CBUS,2025-07-20,earnings,https://finance.yahoo.com/quote/CBUS
YMAB,2025-07-20,earnings,https://finance.yahoo.com/quote/YMAB
EVH,2025-07-20,earnings,https://finance.yahoo.com/quote/EVH
VERV,2025-07-20,earnings,https://finance.yahoo.com/quote/VERV
TIGO,2025-07-20,earnings,https://finance.yahoo.com/quote/TIGO
APTO,2025-07-20,earnings,https://finance.yahoo.com/quote/APTO
REAL,2025-07-20,earnings,https://finance.yahoo.com/quote/REAL
WMG,2025-07-20,earnings,https://finance.yahoo.com/quote/WMG
TISI,2025-07-20,earnings,https://finance.yahoo.com/quote/TISI
AURA,2025-07-20,earnings,https://finance.yahoo.com/quote/AURA
BKKT,2025-07-20,earnings,https://finance.yahoo.com/quote/BKKT
RXT,2025-07-20,earnings,https://finance.yahoo.com/quote/RXT
PRTA,2025-07-20,earnings,https://finance.yahoo.com/quote/PRTA
AAOI,2025-07-20,earnings,https://finance.yahoo.com/quote/AAOI
GRVY,2025-07-20,earnings,https://finance.yahoo.com/quote/GRVY
ARLO,2025-07-20,earnings,https://finance.yahoo.com/quote/ARLO
SHCO,2025-07-20,earnings,https://finance.yahoo.com/quote/SHCO
ORIC,2025-07-20,earnings,https://finance.yahoo.com/quote/ORIC
IMDX,2025-07-20,earnings,https://finance.yahoo.com/quote/IMDX
LQDT,2025-07-20,earnings,https://finance.yahoo.com/quote/LQDT
VST,2025-07-20,earnings,https://finance.yahoo.com/quote/VST
SSP,2025-07-20,earnings,https://finance.yahoo.com/quote/SSP
COP,2025-07-20,earnings,https://finance.yahoo.com/quote/COP
ROOT,2025-07-20,earnings,https://finance.yahoo.com/quote/ROOT
SCPH,2025-07-20,earnings,https://finance.yahoo.com/quote/SCPH
FTNT,2025-07-20,earnings,https://finance.yahoo.com/quote/FTNT
MIST,2025-07-20,earnings,https://finance.yahoo.com/quote/MIST
TBLA,2025-07-20,earnings,https://finance.yahoo.com/quote/TBLA
SYM,2025-07-20,earnings,https://finance.yahoo.com/quote/SYM
SNOA,2025-07-20,earnings,https://finance.yahoo.com/quote/SNOA
TASK,2025-07-20,earnings,https://finance.yahoo.com/quote/TASK
VERX,2025-07-20,earnings,https://finance.yahoo.com/quote/VERX
UPWK,2025-07-20,earnings,https://finance.yahoo.com/quote/UPWK
LYFT,2025-07-20,earnings,https://finance.yahoo.com/quote/LYFT
LESL,2025-07-20,earnings,https://finance.yahoo.com/quote/LESL
CCAP,2025-07-20,earnings,https://finance.yahoo.com/quote/CCAP
ET,2025-07-20,earnings,https://finance.yahoo.com/quote/ET
SPRY,2025-07-20,earnings,https://finance.yahoo.com/quote/SPRY
NEPH,2025-07-20,earnings,https://finance.yahoo.com/quote/NEPH
PLSE,2025-07-20,earnings,https://finance.yahoo.com/quote/PLSE
CSPI,2025-07-20,earnings,https://finance.yahoo.com/quote/CSPI
THRD,2025-07-20,earnings,https://finance.yahoo.com/quote/THRD
WHWK,2025-07-20,earnings,https://finance.yahoo.com/quote/WHWK
MVIS,2025-07-20,earnings,https://finance.yahoo.com/quote/MVIS
SONO,2025-07-20,earnings,https://finance.yahoo.com/quote/SONO
MLNK,2025-07-20,earnings,https://finance.yahoo.com/quote/MLNK
VMD,2025-07-20,earnings,https://finance.yahoo.com/quote/VMD
MCK,2025-07-20,earnings,https://finance.yahoo.com/quote/MCK
USAC,2025-07-20,earnings,https://finance.yahoo.com/quote/USAC
ICR PR A,2025-07-20,earnings,https://finance.yahoo.com/quote/ICR PR A
SSSS,2025-07-20,earnings,https://finance.yahoo.com/quote/SSSS
IVVD,2025-07-20,earnings,https://finance.yahoo.com/quote/IVVD
KLTR,2025-07-20,earnings,https://finance.yahoo.com/quote/KLTR
VTLE,2025-07-20,earnings,https://finance.yahoo.com/quote/VTLE
KNTK,2025-07-20,earnings,https://finance.yahoo.com/quote/KNTK
TSE,2025-07-20,earnings,https://finance.yahoo.com/quote/TSE
SHC,2025-07-20,earnings,https://finance.yahoo.com/quote/SHC
APDN,2025-07-20,earnings,https://finance.yahoo.com/quote/APDN
ACRE,2025-07-20,earnings,https://finance.yahoo.com/quote/ACRE
BLDE,2025-07-20,earnings,https://finance.yahoo.com/quote/BLDE
TKO,2025-07-20,earnings,https://finance.yahoo.com/quote/TKO
MFA,2025-07-20,earnings,https://finance.yahoo.com/quote/MFA
PSN,2025-07-20,earnings,https://finance.yahoo.com/quote/PSN
RC,2025-07-20,earnings,https://finance.yahoo.com/quote/RC
OABI,2025-07-20,earnings,https://finance.yahoo.com/quote/OABI
AEIS,2025-07-20,earnings,https://finance.yahoo.com/quote/AEIS
GIC,2025-07-20,earnings,https://finance.yahoo.com/quote/GIC
YUM,2025-07-20,earnings,https://finance.yahoo.com/quote/YUM
IFF,2025-07-20,earnings,https://finance.yahoo.com/quote/IFF
AACG,2025-07-20,earnings,https://finance.yahoo.com/quote/AACG
NNN,2025-07-20,earnings,https://finance.yahoo.com/quote/NNN
CRUS,2025-07-20,earnings,https://finance.yahoo.com/quote/CRUS
CCO,2025-07-20,earnings,https://finance.yahoo.com/quote/CCO
KVYO,2025-07-20,earnings,https://finance.yahoo.com/quote/KVYO
UVV,2025-07-20,earnings,https://finance.yahoo.com/quote/UVV
GPN,2025-07-20,earnings,https://finance.yahoo.com/quote/GPN
INSP,2025-07-20,earnings,https://finance.yahoo.com/quote/INSP
VAC,2025-07-20,earnings,https://finance.yahoo.com/quote/VAC
STHO,2025-07-20,earnings,https://finance.yahoo.com/quote/STHO
PBHC,2025-07-20,earnings,https://finance.yahoo.com/quote/PBHC
NWTN,2025-07-20,earnings,https://finance.yahoo.com/quote/NWTN
WHLR,2025-07-20,earnings,https://finance.yahoo.com/quote/WHLR
OKE,2025-07-20,earnings,https://finance.yahoo.com/quote/OKE
AACT,2025-07-20,earnings,https://finance.yahoo.com/quote/AACT
TWST,2025-07-20,earnings,https://finance.yahoo.com/quote/TWST
IVAC,2025-07-20,earnings,https://finance.yahoo.com/quote/IVAC
FOA,2025-07-20,earnings,https://finance.yahoo.com/quote/FOA
CRNT,2025-07-20,earnings,https://finance.yahoo.com/quote/CRNT
BRCC,2025-07-20,earnings,https://finance.yahoo.com/quote/BRCC
ICCM,2025-07-20,earnings,https://finance.yahoo.com/quote/ICCM
LAZR,2025-07-20,earnings,https://finance.yahoo.com/quote/LAZR
GOVX,2025-07-20,earnings,https://finance.yahoo.com/quote/GOVX
SIBN,2025-07-20,earnings,https://finance.yahoo.com/quote/SIBN
GAM,2025-07-20,earnings,https://finance.yahoo.com/quote/GAM
DENN,2025-07-20,earnings,https://finance.yahoo.com/quote/DENN
AQB,2025-07-20,earnings,https://finance.yahoo.com/quote/AQB
PAY,2025-07-20,earnings,https://finance.yahoo.com/quote/PAY
FANG,2025-07-20,earnings,https://finance.yahoo.com/quote/FANG
ABL,2025-07-20,earnings,https://finance.yahoo.com/quote/ABL
APPN,2025-07-20,earnings,https://finance.yahoo.com/quote/APPN
VHI,2025-07-20,earnings,https://finance.yahoo.com/quote/VHI
PNBK,2025-07-20,earnings,https://finance.yahoo.com/quote/PNBK
FLL,2025-07-20,earnings,https://finance.yahoo.com/quote/FLL
RCAT,2025-07-20,earnings,https://finance.yahoo.com/quote/RCAT
ALXO,2025-07-20,earnings,https://finance.yahoo.com/quote/ALXO
BCAB,2025-07-20,earnings,https://finance.yahoo.com/quote/BCAB
OSCR,2025-07-20,earnings,https://finance.yahoo.com/quote/OSCR
LRMR,2025-07-20,earnings,https://finance.yahoo.com/quote/LRMR
ALT,2025-07-20,earnings,https://finance.yahoo.com/quote/ALT
LASR,2025-07-20,earnings,https://finance.yahoo.com/quote/LASR
VTVT,2025-07-20,earnings,https://finance.yahoo.com/quote/VTVT
AKAM,2025-07-20,earnings,https://finance.yahoo.com/quote/AKAM
HCAT,2025-07-20,earnings,https://finance.yahoo.com/quote/HCAT
KRP,2025-07-20,earnings,https://finance.yahoo.com/quote/KRP
ELAN,2025-07-20,earnings,https://finance.yahoo.com/quote/ELAN
MSPR,2025-07-20,earnings,https://finance.yahoo.com/quote/MSPR
TE,2025-07-20,earnings,https://finance.yahoo.com/quote/TE
AVT,2025-07-20,earnings,https://finance.yahoo.com/quote/AVT
HTZ,2025-07-20,earnings,https://finance.yahoo.com/quote/HTZ
SLS,2025-07-20,earnings,https://finance.yahoo.com/quote/SLS
PZZA,2025-07-20,earnings,https://finance.yahoo.com/quote/PZZA
NKTX,2025-07-20,earnings,https://finance.yahoo.com/quote/NKTX
CRMD,2025-07-20,earnings,https://finance.yahoo.com/quote/CRMD
TTWO,2025-07-20,earnings,https://finance.yahoo.com/quote/TTWO
USFD,2025-07-20,earnings,https://finance.yahoo.com/quote/USFD
BLMN,2025-07-20,earnings,https://finance.yahoo.com/quote/BLMN
AGEN,2025-07-20,earnings,https://finance.yahoo.com/quote/AGEN
OPFI,2025-07-20,earnings,https://finance.yahoo.com/quote/OPFI
MBI,2025-07-20,earnings,https://finance.yahoo.com/quote/MBI
VOR,2025-07-20,earnings,https://finance.yahoo.com/quote/VOR
LTRN,2025-07-20,earnings,https://finance.yahoo.com/quote/LTRN
TACT,2025-07-20,earnings,https://finance.yahoo.com/quote/TACT
MARA,2025-07-20,earnings,https://finance.yahoo.com/quote/MARA
CABA,2025-07-20,earnings,https://finance.yahoo.com/quote/CABA
MDGL,2025-07-20,earnings,https://finance.yahoo.com/quote/MDGL
JLL,2025-07-20,earnings,https://finance.yahoo.com/quote/JLL
DYAI,2025-07-20,earnings,https://finance.yahoo.com/quote/DYAI
TPST,2025-07-20,earnings,https://finance.yahoo.com/quote/TPST
IMRX,2025-07-20,earnings,https://finance.yahoo.com/quote/IMRX
GRND,2025-07-20,earnings,https://finance.yahoo.com/quote/GRND
IMCR,2025-07-20,earnings,https://finance.yahoo.com/quote/IMCR
COOK,2025-07-20,earnings,https://finance.yahoo.com/quote/COOK
DOMH,2025-07-20,earnings,https://finance.yahoo.com/quote/DOMH
APPS,2025-07-20,earnings,https://finance.yahoo.com/quote/APPS
EXAS,2025-07-20,earnings,https://finance.yahoo.com/quote/EXAS
FLNC,2025-07-20,earnings,https://finance.yahoo.com/quote/FLNC
CPAY,2025-07-20,earnings,https://finance.yahoo.com/quote/CPAY
BROS,2025-07-20,earnings,https://finance.yahoo.com/quote/BROS
DSP,2025-07-20,earnings,https://finance.yahoo.com/quote/DSP
RCMT,2025-07-20,earnings,https://finance.yahoo.com/quote/RCMT
RDW,2025-07-20,earnings,https://finance.yahoo.com/quote/RDW
EHAB,2025-07-20,earnings,https://finance.yahoo.com/quote/EHAB
SVCO,2025-07-20,earnings,https://finance.yahoo.com/quote/SVCO
RKLB,2025-07-20,earnings,https://finance.yahoo.com/quote/RKLB
APA,2025-07-20,earnings,https://finance.yahoo.com/quote/APA
AP,2025-07-20,earnings,https://finance.yahoo.com/quote/AP
VERA,2025-07-20,earnings,https://finance.yahoo.com/quote/VERA
USPH,2025-07-20,earnings,https://finance.yahoo.com/quote/USPH
AIRG,2025-07-20,earnings,https://finance.yahoo.com/quote/AIRG
FEMY,2025-07-20,earnings,https://finance.yahoo.com/quote/FEMY
ERII,2025-07-20,earnings,https://finance.yahoo.com/quote/ERII
EE,2025-07-20,earnings,https://finance.yahoo.com/quote/EE
CAPL,2025-07-20,earnings,https://finance.yahoo.com/quote/CAPL
PET,2025-07-20,earnings,https://finance.yahoo.com/quote/PET
AMC,2025-07-20,earnings,https://finance.yahoo.com/quote/AMC
III,2025-07-20,earnings,https://finance.yahoo.com/quote/III
DIBS,2025-07-20,earnings,https://finance.yahoo.com/quote/DIBS
GCT,2025-07-20,earnings,https://finance.yahoo.com/quote/GCT
CTEV,2025-07-20,earnings,https://finance.yahoo.com/quote/CTEV
BTCS,2025-07-20,earnings,https://finance.yahoo.com/quote/BTCS
NKTR,2025-07-20,earnings,https://finance.yahoo.com/quote/NKTR
MRC,2025-07-20,earnings,https://finance.yahoo.com/quote/MRC
CHH,2025-07-20,earnings,https://finance.yahoo.com/quote/CHH
EVGN,2025-07-20,earnings,https://finance.yahoo.com/quote/EVGN
EMR,2025-07-20,earnings,https://finance.yahoo.com/quote/EMR
RLYB,2025-07-20,earnings,https://finance.yahoo.com/quote/RLYB
XPEL,2025-07-20,earnings,https://finance.yahoo.com/quote/XPEL
NGL,2025-07-20,earnings,https://finance.yahoo.com/quote/NGL
MAPS,2025-07-22,finance.yahoo.com,https://finance.yahoo.com/news/july-2025s-top-penny-stocks-120527820.html
WDH,2025-07-22,finance.yahoo.com,https://finance.yahoo.com/news/july-2025s-top-penny-stocks-120527820.html
WM,2025-07-22,finance.yahoo.com,https://finance.yahoo.com/news/july-2025s-top-penny-stocks-120527820.html
CURI,2025-07-22,finance.yahoo.com,https://finance.yahoo.com/news/july-2025s-top-penny-stocks-120527820.html
PERF,2025-07-22,finance.yahoo.com,https://finance.yahoo.com/news/july-2025s-promising-penny-stocks-120509633.html
TOUR,2025-07-22,finance.yahoo.com,https://finance.yahoo.com/news/july-2025s-promising-penny-stocks-120509633.html
SB,2025-07-22,finance.yahoo.com,https://finance.yahoo.com/news/july-2025s-promising-penny-stocks-120509633.html
,2025-07-22,money.usnews.com,https://money.usnews.com/investing/articles/best-stocks-to-buy-this-year
TD,2025-07-22,finance.yahoo.com,https://finance.yahoo.com/markets/stocks/gainers/
CSX,2025-07-22,finance.yahoo.com,https://finance.yahoo.com/markets/stocks/gainers/
W,2025-07-22,finance.yahoo.com,https://finance.yahoo.com/news/best-stock-buy-now-realty-221500025.html
P,2025-07-22,finance.yahoo.com,https://finance.yahoo.com/news/best-stock-buy-now-realty-221500025.html
REPL,2025-07-22,FDA,https://finance.yahoo.com/quote/REPL
AZN,2025-07-22,FDA,https://finance.yahoo.com/quote/AZN
ASND,2025-07-22,FDA,https://finance.yahoo.com/quote/ASND
NAMS,2025-07-22,FDA,https://finance.yahoo.com/quote/NAMS
APLS,2025-07-22,FDA,https://finance.yahoo.com/quote/APLS
PTCT,2025-07-22,FDA,https://finance.yahoo.com/quote/PTCT
CRDF,2025-07-22,FDA,https://finance.yahoo.com/quote/CRDF
REGN,2025-07-22,FDA,https://finance.yahoo.com/quote/REGN
ELDN,2025-07-22,FDA,https://finance.yahoo.com/quote/ELDN
LENZ,2025-07-22,FDA,https://finance.yahoo.com/quote/LENZ
INSM,2025-07-22,FDA,https://finance.yahoo.com/quote/INSM
PSTV,2025-07-22,FDA,https://finance.yahoo.com/quote/PSTV
,2025-07-22,money.usnews.com,https://money.usnews.com/investing/articles/best-stocks-to-buy-this-year
NYSE,2025-07-22,nasdaq.com,https://www.nasdaq.com/articles/what-are-5-best-pipeline-stocks-buy-right-now
ET,2025-07-22,nasdaq.com,https://www.nasdaq.com/articles/what-are-5-best-pipeline-stocks-buy-right-now
EPD,2025-07-22,nasdaq.com,https://www.nasdaq.com/articles/what-are-5-best-pipeline-stocks-buy-right-now
REPL,2025-07-22,FDA,https://finance.yahoo.com/quote/REPL
AZN,2025-07-22,FDA,https://finance.yahoo.com/quote/AZN
ASND,2025-07-22,FDA,https://finance.yahoo.com/quote/ASND
NAMS,2025-07-22,FDA,https://finance.yahoo.com/quote/NAMS
APLS,2025-07-22,FDA,https://finance.yahoo.com/quote/APLS
PTCT,2025-07-22,FDA,https://finance.yahoo.com/quote/PTCT
CRDF,2025-07-22,FDA,https://finance.yahoo.com/quote/CRDF
REGN,2025-07-22,FDA,https://finance.yahoo.com/quote/REGN
ELDN,2025-07-22,FDA,https://finance.yahoo.com/quote/ELDN
LENZ,2025-07-22,FDA,https://finance.yahoo.com/quote/LENZ
INSM,2025-07-22,FDA,https://finance.yahoo.com/quote/INSM
PSTV,2025-07-22,FDA,https://finance.yahoo.com/quote/PSTV
CDTX,2025-07-22,earnings,https://finance.yahoo.com/quote/CDTX
SLRN,2025-07-22,earnings,https://finance.yahoo.com/quote/SLRN
WTM,2025-07-22,earnings,https://finance.yahoo.com/quote/WTM
FENG,2025-07-22,earnings,https://finance.yahoo.com/quote/FENG
HSDT,2025-07-22,earnings,https://finance.yahoo.com/quote/HSDT
RCKT,2025-07-22,earnings,https://finance.yahoo.com/quote/RCKT
WMK,2025-07-22,earnings,https://finance.yahoo.com/quote/WMK
TENX,2025-07-22,earnings,https://finance.yahoo.com/quote/TENX
ADAP,2025-07-22,earnings,https://finance.yahoo.com/quote/ADAP
GNE,2025-07-22,earnings,https://finance.yahoo.com/quote/GNE
COMP,2025-07-22,earnings,https://finance.yahoo.com/quote/COMP
NWTG,2025-07-22,earnings,https://finance.yahoo.com/quote/NWTG
TARA,2025-07-22,earnings,https://finance.yahoo.com/quote/TARA
APGE,2025-07-22,earnings,https://finance.yahoo.com/quote/APGE
ATER,2025-07-22,earnings,https://finance.yahoo.com/quote/ATER
CLRB,2025-07-22,earnings,https://finance.yahoo.com/quote/CLRB
CTXR,2025-07-22,earnings,https://finance.yahoo.com/quote/CTXR
JAGX,2025-07-22,earnings,https://finance.yahoo.com/quote/JAGX
AGRI,2025-07-22,earnings,https://finance.yahoo.com/quote/AGRI
ZIP,2025-07-22,earnings,https://finance.yahoo.com/quote/ZIP
BZFD,2025-07-22,earnings,https://finance.yahoo.com/quote/BZFD
RBOT,2025-07-22,earnings,https://finance.yahoo.com/quote/RBOT
ATXS,2025-07-22,earnings,https://finance.yahoo.com/quote/ATXS
MBIO,2025-07-22,earnings,https://finance.yahoo.com/quote/MBIO
CE,2025-07-22,earnings,https://finance.yahoo.com/quote/CE
ANAB,2025-07-22,earnings,https://finance.yahoo.com/quote/ANAB
DCGO,2025-07-22,earnings,https://finance.yahoo.com/quote/DCGO
MCRB,2025-07-22,earnings,https://finance.yahoo.com/quote/MCRB
PAL,2025-07-22,earnings,https://finance.yahoo.com/quote/PAL
OKUR,2025-07-22,earnings,https://finance.yahoo.com/quote/OKUR
PRPO,2025-07-22,earnings,https://finance.yahoo.com/quote/PRPO
KBDC,2025-07-22,earnings,https://finance.yahoo.com/quote/KBDC
ATNF,2025-07-22,earnings,https://finance.yahoo.com/quote/ATNF
CKPT,2025-07-22,earnings,https://finance.yahoo.com/quote/CKPT
ATAI,2025-07-22,earnings,https://finance.yahoo.com/quote/ATAI
ADIL,2025-07-22,earnings,https://finance.yahoo.com/quote/ADIL
IMMX,2025-07-22,earnings,https://finance.yahoo.com/quote/IMMX
AVTX,2025-07-22,earnings,https://finance.yahoo.com/quote/AVTX
PRPL,2025-07-22,earnings,https://finance.yahoo.com/quote/PRPL
VTYX,2025-07-22,earnings,https://finance.yahoo.com/quote/VTYX
LINK,2025-07-22,earnings,https://finance.yahoo.com/quote/LINK
NXDT,2025-07-22,earnings,https://finance.yahoo.com/quote/NXDT
BBLG,2025-07-22,earnings,https://finance.yahoo.com/quote/BBLG
LAW,2025-07-22,earnings,https://finance.yahoo.com/quote/LAW
PHAT,2025-07-22,earnings,https://finance.yahoo.com/quote/PHAT
AZUL,2025-07-22,earnings,https://finance.yahoo.com/quote/AZUL
IRWD,2025-07-22,earnings,https://finance.yahoo.com/quote/IRWD
SNGX,2025-07-22,earnings,https://finance.yahoo.com/quote/SNGX
LFST,2025-07-22,earnings,https://finance.yahoo.com/quote/LFST
TBCH,2025-07-22,earnings,https://finance.yahoo.com/quote/TBCH
SN,2025-07-22,earnings,https://finance.yahoo.com/quote/SN
CLDX,2025-07-22,earnings,https://finance.yahoo.com/quote/CLDX
CTMX,2025-07-22,earnings,https://finance.yahoo.com/quote/CTMX
CNTY,2025-07-22,earnings,https://finance.yahoo.com/quote/CNTY
EPSN,2025-07-22,earnings,https://finance.yahoo.com/quote/EPSN
WEST,2025-07-22,earnings,https://finance.yahoo.com/quote/WEST
SEER,2025-07-22,earnings,https://finance.yahoo.com/quote/SEER
LDWY,2025-07-22,earnings,https://finance.yahoo.com/quote/LDWY
USEG,2025-07-22,earnings,https://finance.yahoo.com/quote/USEG
MMS,2025-07-22,earnings,https://finance.yahoo.com/quote/MMS
LFMD,2025-07-22,earnings,https://finance.yahoo.com/quote/LFMD
MSDL,2025-07-22,earnings,https://finance.yahoo.com/quote/MSDL
ESE,2025-07-22,earnings,https://finance.yahoo.com/quote/ESE
RCEL,2025-07-22,earnings,https://finance.yahoo.com/quote/RCEL
SG,2025-07-22,earnings,https://finance.yahoo.com/quote/SG
EB,2025-07-22,earnings,https://finance.yahoo.com/quote/EB
HHS,2025-07-22,earnings,https://finance.yahoo.com/quote/HHS
CCSI,2025-07-22,earnings,https://finance.yahoo.com/quote/CCSI
ACHV,2025-07-22,earnings,https://finance.yahoo.com/quote/ACHV
SOUN,2025-07-22,earnings,https://finance.yahoo.com/quote/SOUN
ASYS,2025-07-22,earnings,https://finance.yahoo.com/quote/ASYS
LYEL,2025-07-22,earnings,https://finance.yahoo.com/quote/LYEL
RXST,2025-07-22,earnings,https://finance.yahoo.com/quote/RXST
CIFR,2025-07-22,earnings,https://finance.yahoo.com/quote/CIFR
NUVL,2025-07-22,earnings,https://finance.yahoo.com/quote/NUVL
RDCM,2025-07-22,earnings,https://finance.yahoo.com/quote/RDCM
ZBH,2025-07-22,earnings,https://finance.yahoo.com/quote/ZBH
WYNN,2025-07-22,earnings,https://finance.yahoo.com/quote/WYNN
POST,2025-07-22,earnings,https://finance.yahoo.com/quote/POST
RGTI,2025-07-22,earnings,https://finance.yahoo.com/quote/RGTI
CAPR,2025-07-22,earnings,https://finance.yahoo.com/quote/CAPR
NXST,2025-07-22,earnings,https://finance.yahoo.com/quote/NXST
CRVO,2025-07-22,earnings,https://finance.yahoo.com/quote/CRVO
CPK,2025-07-22,earnings,https://finance.yahoo.com/quote/CPK
JOBY,2025-07-22,earnings,https://finance.yahoo.com/quote/JOBY
SCNX,2025-07-22,earnings,https://finance.yahoo.com/quote/SCNX
BTMD,2025-07-22,earnings,https://finance.yahoo.com/quote/BTMD
NABL,2025-07-22,earnings,https://finance.yahoo.com/quote/NABL
DIOD,2025-07-22,earnings,https://finance.yahoo.com/quote/DIOD
GRNT,2025-07-22,earnings,https://finance.yahoo.com/quote/GRNT
ACDC,2025-07-22,earnings,https://finance.yahoo.com/quote/ACDC
TEAM,2025-07-22,earnings,https://finance.yahoo.com/quote/TEAM
CCOI,2025-07-22,earnings,https://finance.yahoo.com/quote/CCOI
TRML,2025-07-22,earnings,https://finance.yahoo.com/quote/TRML
GNSS,2025-07-22,earnings,https://finance.yahoo.com/quote/GNSS
HQI,2025-07-22,earnings,https://finance.yahoo.com/quote/HQI
FWRD,2025-07-22,earnings,https://finance.yahoo.com/quote/FWRD
RRX,2025-07-22,earnings,https://finance.yahoo.com/quote/RRX
PEG,2025-07-22,earnings,https://finance.yahoo.com/quote/PEG
WLFC,2025-07-22,earnings,https://finance.yahoo.com/quote/WLFC
ELME,2025-07-22,earnings,https://finance.yahoo.com/quote/ELME
MD,2025-07-22,earnings,https://finance.yahoo.com/quote/MD
KLG,2025-07-22,earnings,https://finance.yahoo.com/quote/KLG
SR,2025-07-22,earnings,https://finance.yahoo.com/quote/SR
PIII,2025-07-22,earnings,https://finance.yahoo.com/quote/PIII
ADPT,2025-07-22,earnings,https://finance.yahoo.com/quote/ADPT
HY,2025-07-22,earnings,https://finance.yahoo.com/quote/HY
RYTM,2025-07-22,earnings,https://finance.yahoo.com/quote/RYTM
LDOS,2025-07-22,earnings,https://finance.yahoo.com/quote/LDOS
APLT,2025-07-22,earnings,https://finance.yahoo.com/quote/APLT
WES,2025-07-22,earnings,https://finance.yahoo.com/quote/WES
FTDR,2025-07-22,earnings,https://finance.yahoo.com/quote/FTDR
MNTX,2025-07-22,earnings,https://finance.yahoo.com/quote/MNTX
MFIN,2025-07-22,earnings,https://finance.yahoo.com/quote/MFIN
AGS,2025-07-22,earnings,https://finance.yahoo.com/quote/AGS
FUND,2025-07-22,earnings,https://finance.yahoo.com/quote/FUND
UPST,2025-07-22,earnings,https://finance.yahoo.com/quote/UPST
IGIC,2025-07-22,earnings,https://finance.yahoo.com/quote/IGIC
MUX,2025-07-22,earnings,https://finance.yahoo.com/quote/MUX
ATEN,2025-07-22,earnings,https://finance.yahoo.com/quote/ATEN
BOW,2025-07-22,earnings,https://finance.yahoo.com/quote/BOW
CTSO,2025-07-22,earnings,https://finance.yahoo.com/quote/CTSO
REZI,2025-07-22,earnings,https://finance.yahoo.com/quote/REZI
DUK,2025-07-22,earnings,https://finance.yahoo.com/quote/DUK
CVGI,2025-07-22,earnings,https://finance.yahoo.com/quote/CVGI
BMRN,2025-07-22,earnings,https://finance.yahoo.com/quote/BMRN
RNG,2025-07-22,earnings,https://finance.yahoo.com/quote/RNG
DV,2025-07-22,earnings,https://finance.yahoo.com/quote/DV
CMI,2025-07-22,earnings,https://finance.yahoo.com/quote/CMI
UFPT,2025-07-22,earnings,https://finance.yahoo.com/quote/UFPT
ALAB,2025-07-22,earnings,https://finance.yahoo.com/quote/ALAB
JJSF,2025-07-22,earnings,https://finance.yahoo.com/quote/JJSF
NRC,2025-07-22,earnings,https://finance.yahoo.com/quote/NRC
SNAP,2025-07-22,earnings,https://finance.yahoo.com/quote/SNAP
LMND,2025-07-22,earnings,https://finance.yahoo.com/quote/LMND
SPCE,2025-07-22,earnings,https://finance.yahoo.com/quote/SPCE
EPC,2025-07-22,earnings,https://finance.yahoo.com/quote/EPC
AMRX,2025-07-22,earnings,https://finance.yahoo.com/quote/AMRX
DD,2025-07-22,earnings,https://finance.yahoo.com/quote/DD
NOVT,2025-07-22,earnings,https://finance.yahoo.com/quote/NOVT
JELD,2025-07-22,earnings,https://finance.yahoo.com/quote/JELD
SKY,2025-07-22,earnings,https://finance.yahoo.com/quote/SKY
AFG,2025-07-22,earnings,https://finance.yahoo.com/quote/AFG
DVN,2025-07-22,earnings,https://finance.yahoo.com/quote/DVN
CWK,2025-07-22,earnings,https://finance.yahoo.com/quote/CWK
LMAT,2025-07-22,earnings,https://finance.yahoo.com/quote/LMAT
SLRC,2025-07-22,earnings,https://finance.yahoo.com/quote/SLRC
MAR,2025-07-22,earnings,https://finance.yahoo.com/quote/MAR
CEVA,2025-07-22,earnings,https://finance.yahoo.com/quote/CEVA
ALLK,2025-07-22,earnings,https://finance.yahoo.com/quote/ALLK
CHGG,2025-07-22,earnings,https://finance.yahoo.com/quote/CHGG
TBPH,2025-07-22,earnings,https://finance.yahoo.com/quote/TBPH
PRSO,2025-07-22,earnings,https://finance.yahoo.com/quote/PRSO
LAB,2025-07-22,earnings,https://finance.yahoo.com/quote/LAB
MED,2025-07-22,earnings,https://finance.yahoo.com/quote/MED
KRYS,2025-07-22,earnings,https://finance.yahoo.com/quote/KRYS
XNET,2025-07-22,earnings,https://finance.yahoo.com/quote/XNET
DOMA,2025-07-22,earnings,https://finance.yahoo.com/quote/DOMA
LUCD,2025-07-22,earnings,https://finance.yahoo.com/quote/LUCD
ENTA,2025-07-22,earnings,https://finance.yahoo.com/quote/ENTA
BBGI,2025-07-22,earnings,https://finance.yahoo.com/quote/BBGI
ICU,2025-07-22,earnings,https://finance.yahoo.com/quote/ICU
MWA,2025-07-22,earnings,https://finance.yahoo.com/quote/MWA
HYZN,2025-07-22,earnings,https://finance.yahoo.com/quote/HYZN
PUBM,2025-07-22,earnings,https://finance.yahoo.com/quote/PUBM
LFT,2025-07-22,earnings,https://finance.yahoo.com/quote/LFT
MREO,2025-07-22,earnings,https://finance.yahoo.com/quote/MREO
PERI,2025-07-22,earnings,https://finance.yahoo.com/quote/PERI
PMTS,2025-07-22,earnings,https://finance.yahoo.com/quote/PMTS
IFS,2025-07-22,earnings,https://finance.yahoo.com/quote/IFS
MAC,2025-07-22,earnings,https://finance.yahoo.com/quote/MAC
AMBC,2025-07-22,earnings,https://finance.yahoo.com/quote/AMBC
YTRA,2025-07-22,earnings,https://finance.yahoo.com/quote/YTRA
OWLT,2025-07-22,earnings,https://finance.yahoo.com/quote/OWLT
WKSP,2025-07-22,earnings,https://finance.yahoo.com/quote/WKSP
VTGN,2025-07-22,earnings,https://finance.yahoo.com/quote/VTGN
DARE,2025-07-22,earnings,https://finance.yahoo.com/quote/DARE
KTTA,2025-07-22,earnings,https://finance.yahoo.com/quote/KTTA
FENC,2025-07-22,earnings,https://finance.yahoo.com/quote/FENC
CYBR,2025-07-22,earnings,https://finance.yahoo.com/quote/CYBR
FROG,2025-07-22,earnings,https://finance.yahoo.com/quote/FROG
COLD,2025-07-22,earnings,https://finance.yahoo.com/quote/COLD
CLNE,2025-07-22,earnings,https://finance.yahoo.com/quote/CLNE
ANTX,2025-07-22,earnings,https://finance.yahoo.com/quote/ANTX
WBTN,2025-07-22,earnings,https://finance.yahoo.com/quote/WBTN
PLUG,2025-07-22,earnings,https://finance.yahoo.com/quote/PLUG
TLN,2025-07-22,earnings,https://finance.yahoo.com/quote/TLN
EMBC,2025-07-22,earnings,https://finance.yahoo.com/quote/EMBC
TLS,2025-07-22,earnings,https://finance.yahoo.com/quote/TLS
EVRG,2025-07-22,earnings,https://finance.yahoo.com/quote/EVRG
ZVIA,2025-07-22,earnings,https://finance.yahoo.com/quote/ZVIA
FLO,2025-07-22,earnings,https://finance.yahoo.com/quote/FLO
TCX,2025-07-22,earnings,https://finance.yahoo.com/quote/TCX
ROAD,2025-07-22,earnings,https://finance.yahoo.com/quote/ROAD
SGHT,2025-07-22,earnings,https://finance.yahoo.com/quote/SGHT
PRT,2025-07-22,earnings,https://finance.yahoo.com/quote/PRT
OSS,2025-07-22,earnings,https://finance.yahoo.com/quote/OSS
VBFC,2025-07-22,earnings,https://finance.yahoo.com/quote/VBFC
PRKS,2025-07-22,earnings,https://finance.yahoo.com/quote/PRKS
H,2025-07-22,earnings,https://finance.yahoo.com/quote/H
VOC,2025-07-22,earnings,https://finance.yahoo.com/quote/VOC
IOVA,2025-07-22,earnings,https://finance.yahoo.com/quote/IOVA
FIGS,2025-07-22,earnings,https://finance.yahoo.com/quote/FIGS
ECX,2025-07-22,earnings,https://finance.yahoo.com/quote/ECX
VIAV,2025-07-22,earnings,https://finance.yahoo.com/quote/VIAV
FDMT,2025-07-22,earnings,https://finance.yahoo.com/quote/FDMT
CGON,2025-07-22,earnings,https://finance.yahoo.com/quote/CGON
PBH,2025-07-22,earnings,https://finance.yahoo.com/quote/PBH
REAX,2025-07-22,earnings,https://finance.yahoo.com/quote/REAX
ARHS,2025-07-22,earnings,https://finance.yahoo.com/quote/ARHS
NPCE,2025-07-22,earnings,https://finance.yahoo.com/quote/NPCE
CEG,2025-07-22,earnings,https://finance.yahoo.com/quote/CEG
G,2025-07-22,earnings,https://finance.yahoo.com/quote/G
CION,2025-07-22,earnings,https://finance.yahoo.com/quote/CION
IRIX,2025-07-22,earnings,https://finance.yahoo.com/quote/IRIX
OMDA,2025-07-22,earnings,https://finance.yahoo.com/quote/OMDA
EVOK,2025-07-22,earnings,https://finance.yahoo.com/quote/EVOK
WMS,2025-07-22,earnings,https://finance.yahoo.com/quote/WMS
DRH,2025-07-22,earnings,https://finance.yahoo.com/quote/DRH
CHYM,2025-07-22,earnings,https://finance.yahoo.com/quote/CHYM
SEDG,2025-07-22,earnings,https://finance.yahoo.com/quote/SEDG
PRPH,2025-07-22,earnings,https://finance.yahoo.com/quote/PRPH
SKYE,2025-07-22,earnings,https://finance.yahoo.com/quote/SKYE
RL,2025-07-22,earnings,https://finance.yahoo.com/quote/RL
VEON,2025-07-22,earnings,https://finance.yahoo.com/quote/VEON
MTUS,2025-07-22,earnings,https://finance.yahoo.com/quote/MTUS
STTK,2025-07-22,earnings,https://finance.yahoo.com/quote/STTK
TCPC,2025-07-22,earnings,https://finance.yahoo.com/quote/TCPC
POWL,2025-07-22,earnings,https://finance.yahoo.com/quote/POWL
ATOM,2025-07-22,earnings,https://finance.yahoo.com/quote/ATOM
HCKT,2025-07-22,earnings,https://finance.yahoo.com/quote/HCKT
BWIN,2025-07-22,earnings,https://finance.yahoo.com/quote/BWIN
ADEA,2025-07-22,earnings,https://finance.yahoo.com/quote/ADEA
SRAD,2025-07-22,earnings,https://finance.yahoo.com/quote/SRAD
DVA,2025-07-22,earnings,https://finance.yahoo.com/quote/DVA
ACHC,2025-07-22,earnings,https://finance.yahoo.com/quote/ACHC
INFN,2025-07-22,earnings,https://finance.yahoo.com/quote/INFN
SVC,2025-07-22,earnings,https://finance.yahoo.com/quote/SVC
MRCY,2025-07-22,earnings,https://finance.yahoo.com/quote/MRCY
PKOH,2025-07-22,earnings,https://finance.yahoo.com/quote/PKOH
GLAD,2025-07-22,earnings,https://finance.yahoo.com/quote/GLAD
LCID,2025-07-22,earnings,https://finance.yahoo.com/quote/LCID
EVRI,2025-07-22,earnings,https://finance.yahoo.com/quote/EVRI
RVLV,2025-07-22,earnings,https://finance.yahoo.com/quote/RVLV
VATE,2025-07-22,earnings,https://finance.yahoo.com/quote/VATE
ESPR,2025-07-22,earnings,https://finance.yahoo.com/quote/ESPR
LGIH,2025-07-22,earnings,https://finance.yahoo.com/quote/LGIH
HNGE,2025-07-22,earnings,https://finance.yahoo.com/quote/HNGE
SSRM,2025-07-22,earnings,https://finance.yahoo.com/quote/SSRM
HSIC,2025-07-22,earnings,https://finance.yahoo.com/quote/HSIC
MPLX,2025-07-22,earnings,https://finance.yahoo.com/quote/MPLX
,2025-07-22,money.usnews.com,https://money.usnews.com/investing/articles/best-stocks-to-buy-this-year
US,2025-07-22,finance.yahoo.com,https://finance.yahoo.com/news/us-high-growth-tech-stocks-173811373.html
REPL,2025-07-22,FDA,https://finance.yahoo.com/quote/REPL
AZN,2025-07-22,FDA,https://finance.yahoo.com/quote/AZN
ASND,2025-07-22,FDA,https://finance.yahoo.com/quote/ASND
NAMS,2025-07-22,FDA,https://finance.yahoo.com/quote/NAMS
APLS,2025-07-22,FDA,https://finance.yahoo.com/quote/APLS
PTCT,2025-07-22,FDA,https://finance.yahoo.com/quote/PTCT
CRDF,2025-07-22,FDA,https://finance.yahoo.com/quote/CRDF
REGN,2025-07-22,FDA,https://finance.yahoo.com/quote/REGN
ELDN,2025-07-22,FDA,https://finance.yahoo.com/quote/ELDN
LENZ,2025-07-22,FDA,https://finance.yahoo.com/quote/LENZ
INSM,2025-07-22,FDA,https://finance.yahoo.com/quote/INSM
PSTV,2025-07-22,FDA,https://finance.yahoo.com/quote/PSTV
XBIO,2025-07-22,earnings,https://finance.yahoo.com/quote/XBIO
XXII,2025-07-22,earnings,https://finance.yahoo.com/quote/XXII
VERO,2025-07-22,earnings,https://finance.yahoo.com/quote/VERO
RVYL,2025-07-22,earnings,https://finance.yahoo.com/quote/RVYL
GLTO,2025-07-22,earnings,https://finance.yahoo.com/quote/GLTO
INTA,2025-07-22,earnings,https://finance.yahoo.com/quote/INTA
DAC,2025-07-22,earnings,https://finance.yahoo.com/quote/DAC
HYPD,2025-07-22,earnings,https://finance.yahoo.com/quote/HYPD
SILO,2025-07-22,earnings,https://finance.yahoo.com/quote/SILO
TIL,2025-07-22,earnings,https://finance.yahoo.com/quote/TIL
KZR,2025-07-22,earnings,https://finance.yahoo.com/quote/KZR
ARWR,2025-07-22,earnings,https://finance.yahoo.com/quote/ARWR
YALA,2025-07-22,earnings,https://finance.yahoo.com/quote/YALA
IRD,2025-07-22,earnings,https://finance.yahoo.com/quote/IRD
XCUR,2025-07-22,earnings,https://finance.yahoo.com/quote/XCUR
CSTE,2025-07-22,earnings,https://finance.yahoo.com/quote/CSTE
HFFG,2025-07-22,earnings,https://finance.yahoo.com/quote/HFFG
NVCT,2025-07-22,earnings,https://finance.yahoo.com/quote/NVCT
EXTR,2025-07-22,earnings,https://finance.yahoo.com/quote/EXTR
PSBD,2025-07-22,earnings,https://finance.yahoo.com/quote/PSBD
INFA,2025-07-22,earnings,https://finance.yahoo.com/quote/INFA
KW,2025-07-22,earnings,https://finance.yahoo.com/quote/KW
ESAB,2025-07-22,earnings,https://finance.yahoo.com/quote/ESAB
LNSR,2025-07-22,earnings,https://finance.yahoo.com/quote/LNSR
IONQ,2025-07-22,earnings,https://finance.yahoo.com/quote/IONQ
VSTS,2025-07-22,earnings,https://finance.yahoo.com/quote/VSTS
KGS,2025-07-22,earnings,https://finance.yahoo.com/quote/KGS
BMBL,2025-07-22,earnings,https://finance.yahoo.com/quote/BMBL
GDRX,2025-07-22,earnings,https://finance.yahoo.com/quote/GDRX
PRI,2025-07-22,earnings,https://finance.yahoo.com/quote/PRI
NCDL,2025-07-22,earnings,https://finance.yahoo.com/quote/NCDL
TPG,2025-07-22,earnings,https://finance.yahoo.com/quote/TPG
FSK,2025-07-22,earnings,https://finance.yahoo.com/quote/FSK
FOSL,2025-07-22,earnings,https://finance.yahoo.com/quote/FOSL
BWMN,2025-07-22,earnings,https://finance.yahoo.com/quote/BWMN
WHF,2025-07-22,earnings,https://finance.yahoo.com/quote/WHF
OPTN,2025-07-22,earnings,https://finance.yahoo.com/quote/OPTN
ORA,2025-07-22,earnings,https://finance.yahoo.com/quote/ORA
HIPO,2025-07-22,earnings,https://finance.yahoo.com/quote/HIPO
DUOL,2025-07-22,earnings,https://finance.yahoo.com/quote/DUOL
TSQ,2025-07-22,earnings,https://finance.yahoo.com/quote/TSQ
METC,2025-07-22,earnings,https://finance.yahoo.com/quote/METC
ALLO,2025-07-22,earnings,https://finance.yahoo.com/quote/ALLO
OXY,2025-07-22,earnings,https://finance.yahoo.com/quote/OXY
NNI,2025-07-22,earnings,https://finance.yahoo.com/quote/NNI
ALTG,2025-07-22,earnings,https://finance.yahoo.com/quote/ALTG
LOPE,2025-07-22,earnings,https://finance.yahoo.com/quote/LOPE
CSWC,2025-07-22,earnings,https://finance.yahoo.com/quote/CSWC
DXPE,2025-07-22,earnings,https://finance.yahoo.com/quote/DXPE
DHX,2025-07-22,earnings,https://finance.yahoo.com/quote/DHX
KRNT,2025-07-22,earnings,https://finance.yahoo.com/quote/KRNT
CRH,2025-07-22,earnings,https://finance.yahoo.com/quote/CRH
BWEN,2025-07-22,earnings,https://finance.yahoo.com/quote/BWEN
CARM,2025-07-22,earnings,https://finance.yahoo.com/quote/CARM
OESX,2025-07-22,earnings,https://finance.yahoo.com/quote/OESX
DASH,2025-07-22,earnings,https://finance.yahoo.com/quote/DASH
MPAA,2025-07-22,earnings,https://finance.yahoo.com/quote/MPAA
DNOW,2025-07-22,earnings,https://finance.yahoo.com/quote/DNOW
ADMA,2025-07-22,earnings,https://finance.yahoo.com/quote/ADMA
ELUT,2025-07-22,earnings,https://finance.yahoo.com/quote/ELUT
AOSL,2025-07-22,earnings,https://finance.yahoo.com/quote/AOSL
BN,2025-07-22,earnings,https://finance.yahoo.com/quote/BN
SHO,2025-07-22,earnings,https://finance.yahoo.com/quote/SHO
RUN,2025-07-22,earnings,https://finance.yahoo.com/quote/RUN
TALO,2025-07-22,earnings,https://finance.yahoo.com/quote/TALO
OPAL,2025-07-22,earnings,https://finance.yahoo.com/quote/OPAL
